"Id","Expected"
1,3
2,4
3,1
4,1
5,4
6,1
7,8
8,9
9,1
10,3
11,4
12,0
13,0
14,7
15,7
16,1
17,0
18,8
19,2
20,0
21,3
22,5
23,3
24,2
25,3
26,4
27,2
28,0
29,1
30,9
31,1
32,8
33,6
34,1
35,9
36,2
37,2
38,5
39,5
40,9
41,2
42,7
43,6
44,3
45,1
46,0
47,8
48,8
49,9
50,2
51,7
52,2
53,9
54,2
55,8
56,3
57,7
58,7
59,4
60,5
61,9
62,6
63,4
64,8
65,1
66,6
67,5
68,0
69,7
70,5
71,6
72,9
73,0
74,9
75,1
76,4
77,9
78,2
79,3
80,5
81,2
82,6
83,5
84,7
85,8
86,8
87,6
88,0
89,4
90,2
91,8
92,1
93,0
94,1
95,0
96,2
97,3
98,4
99,1
100,2
101,7
102,9
103,3
104,8
105,4
106,8
107,0
108,6
109,7
110,5
111,4
112,2
113,4
114,3
115,1
116,1
117,3
118,4
119,4
120,6
121,7
122,0
123,5
124,6
125,3
126,4
127,4
128,0
129,3
130,0
131,7
132,1
133,6
134,3
135,2
136,1
137,3
138,1
139,8
140,2
141,4
142,2
143,2
144,8
145,6
146,5
147,5
148,1
149,3
150,9
151,3
152,8
153,7
154,8
155,3
156,7
157,7
158,3
159,1
160,7
161,1
162,5
163,5
164,8
165,8
166,4
167,1
168,6
169,9
170,7
171,3
172,2
173,7
174,3
175,8
176,4
177,1
178,6
179,0
180,7
181,3
182,2
183,7
184,9
185,1
186,6
187,9
188,2
189,4
190,5
191,5
192,5
193,8
194,3
195,2
196,5
197,4
198,0
199,5
200,5
201,9
202,5
203,8
204,7
205,5
206,6
207,8
208,1
209,3
210,3
211,0
212,8
213,5
214,4
215,8
216,3
217,0
218,7
219,4
220,9
221,7
222,9
223,7
224,6
225,1
226,7
227,1
228,1
229,5
230,6
231,7
232,8
233,8
234,2
235,7
236,2
237,6
238,8
239,8
240,2
241,1
242,1
243,1
244,6
245,0
246,0
247,5
248,7
249,7
250,0
251,4
252,8
253,8
254,3
255,3
256,7
257,7
258,6
259,6
260,3
261,7
262,0
263,4
264,6
265,5
266,3
267,3
268,4
269,5
270,1
271,3
272,7
273,7
274,5
275,9
276,7
277,6
278,7
279,5
280,3
281,7
282,9
283,5
284,2
285,1
286,7
287,9
288,8
289,1
290,0
291,7
292,6
293,4
294,2
295,6
296,7
297,2
298,0
299,2
300,7
301,5
302,4
303,7
304,1
305,4
306,6
307,4
308,8
309,0
310,1
311,5
312,2
313,4
314,0
315,5
316,4
317,4
318,9
319,7
320,3
321,4
322,7
323,9
324,1
325,3
326,1
327,6
328,9
329,9
330,3
331,8
332,6
333,8
334,9
335,6
336,9
337,0
338,7
339,2
340,2
341,3
342,3
343,9
344,9
345,6
346,1
347,2
348,7
349,4
350,9
351,8
352,8
353,2
354,7
355,8
356,3
357,6
358,3
359,1
360,4
361,4
362,9
363,4
364,9
365,2
366,0
367,5
368,3
369,8
370,5
371,5
372,0
373,0
374,9
375,7
376,9
377,9
378,8
379,7
380,3
381,3
382,8
383,4
384,0
385,6
386,7
387,9
388,1
389,5
390,3
391,6
392,5
393,3
394,3
395,8
396,8
397,0
398,1
399,8
400,4
401,7
402,4
403,1
404,7
405,6
406,3
407,7
408,6
409,0
410,1
411,2
412,1
413,3
414,6
415,7
416,2
417,0
418,4
419,7
420,3
421,1
422,4
423,9
424,4
425,9
426,0
427,7
428,6
429,5
430,7
431,2
432,1
433,9
434,1
435,6
436,5
437,3
438,0
439,0
440,4
441,9
442,1
443,6
444,1
445,1
446,4
447,7
448,3
449,6
450,5
451,2
452,6
453,3
454,6
455,5
456,2
457,2
458,4
459,1
460,7
461,6
462,7
463,2
464,3
465,2
466,7
467,5
468,7
469,0
470,2
471,2
472,5
473,0
474,9
475,2
476,3
477,7
478,9
479,1
480,1
481,1
482,1
483,4
484,8
485,3
486,5
487,3
488,0
489,0
490,2
491,3
492,2
493,5
494,5
495,6
496,7
497,3
498,0
499,8
500,5
501,9
502,1
503,7
504,5
505,8
506,1
507,0
508,7
509,3
510,8
511,8
512,3
513,1
514,4
515,7
516,7
517,0
518,8
519,2
520,3
521,5
522,3
523,1
524,1
525,4
526,7
527,4
528,9
529,5
530,6
531,1
532,2
533,2
534,1
535,5
536,9
537,2
538,0
539,1
540,3
541,6
542,8
543,0
544,8
545,2
546,9
547,9
548,3
549,2
550,4
551,3
552,0
553,9
554,0
555,8
556,5
557,6
558,1
559,0
560,2
561,9
562,2
563,7
564,6
565,7
566,7
567,6
568,6
569,3
570,6
571,2
572,9
573,6
574,2
575,1
576,0
577,5
578,6
579,9
580,5
581,9
582,8
583,4
584,0
585,4
586,7
587,2
588,8
589,4
590,1
591,7
592,0
593,1
594,3
595,2
596,1
597,5
598,3
599,3
600,4
601,1
602,4
603,5
604,1
605,8
606,3
607,9
608,8
609,9
610,2
611,3
612,8
613,5
614,2
615,1
616,0
617,3
618,0
619,8
620,9
621,3
622,1
623,0
624,9
625,1
626,7
627,3
628,3
629,6
630,3
631,2
632,0
633,9
634,5
635,7
636,9
637,0
638,2
639,3
640,1
641,2
642,9
643,0
644,4
645,0
646,0
647,7
648,3
649,3
650,3
651,5
652,6
653,3
654,8
655,4
656,4
657,0
658,3
659,7
660,1
661,5
662,1
663,8
664,3
665,6
666,7
667,3
668,1
669,4
670,7
671,9
672,1
673,5
674,7
675,0
676,7
677,2
678,3
679,5
680,8
681,5
682,2
683,2
684,2
685,4
686,6
687,0
688,5
689,2
690,9
691,2
692,0
693,1
694,9
695,8
696,8
697,9
698,0
699,3
700,6
701,5
702,8
703,2
704,2
705,0
706,5
707,8
708,9
709,7
710,8
711,6
712,2
713,6
714,4
715,2
716,8
717,4
718,8
719,2
720,0
721,2
722,1
723,9
724,5
725,5
726,9
727,7
728,3
729,3
730,7
731,9
732,3
733,1
734,8
735,1
736,0
737,2
738,7
739,5
740,9
741,0
742,2
743,3
744,2
745,7
746,9
747,1
748,7
749,9
750,2
751,8
752,0
753,3
754,5
755,2
756,6
757,3
758,4
759,9
760,4
761,1
762,1
763,5
764,7
765,4
766,6
767,0
768,1
769,7
770,7
771,3
772,9
773,1
774,1
775,0
776,7
777,5
778,0
779,9
780,6
781,8
782,7
783,0
784,8
785,1
786,9
787,3
788,8
789,9
790,1
791,3
792,3
793,4
794,6
795,2
796,2
797,2
798,1
799,9
800,8
801,6
802,2
803,0
804,1
805,0
806,0
807,0
808,0
809,2
810,7
811,9
812,5
813,3
814,0
815,6
816,1
817,2
818,4
819,8
820,4
821,9
822,8
823,0
824,3
825,8
826,6
827,5
828,5
829,7
830,1
831,1
832,6
833,6
834,6
835,5
836,3
837,8
838,6
839,4
840,6
841,1
842,1
843,8
844,1
845,9
846,4
847,1
848,5
849,2
850,8
851,3
852,6
853,1
854,8
855,6
856,1
857,9
858,3
859,6
860,6
861,6
862,8
863,0
864,0
865,7
866,9
867,2
868,0
869,3
870,2
871,0
872,1
873,0
874,3
875,2
876,8
877,0
878,3
879,2
880,0
881,5
882,6
883,9
884,1
885,8
886,1
887,8
888,3
889,5
890,6
891,7
892,9
893,7
894,4
895,8
896,0
897,3
898,9
899,2
900,8
901,4
902,5
903,9
904,7
905,6
906,3
907,4
908,9
909,9
910,0
911,3
912,4
913,8
914,8
915,7
916,3
917,6
918,1
919,1
920,4
921,9
922,6
923,5
924,9
925,6
926,3
927,2
928,3
929,1
930,9
931,5
932,2
933,4
934,7
935,4
936,4
937,1
938,7
939,6
940,3
941,3
942,2
943,7
944,7
945,9
946,3
947,2
948,8
949,0
950,4
951,4
952,8
953,2
954,5
955,9
956,1
957,3
958,8
959,5
960,2
961,4
962,2
963,1
964,5
965,0
966,0
967,1
968,4
969,1
970,0
971,6
972,7
973,0
974,5
975,2
976,2
977,1
978,2
979,8
980,6
981,3
982,5
983,9
984,0
985,9
986,7
987,9
988,3
989,5
990,1
991,4
992,9
993,8
994,8
995,8
996,4
997,1
998,8
999,0
1000,8
1001,7
1002,2
1003,3
1004,8
1005,3
1006,6
1007,1
1008,3
1009,6
1010,7
1011,1
1012,0
1013,8
1014,7
1015,5
1016,6
1017,8
1018,2
1019,3
1020,7
1021,5
1022,3
1023,6
1024,9
1025,9
1026,5
1027,1
1028,6
1029,4
1030,6
1031,4
1032,1
1033,4
1034,2
1035,7
1036,9
1037,7
1038,6
1039,4
1040,3
1041,1
1042,7
1043,7
1044,8
1045,9
1046,1
1047,2
1048,2
1049,9
1050,6
1051,2
1052,7
1053,1
1054,6
1055,4
1056,4
1057,3
1058,0
1059,5
1060,6
1061,3
1062,9
1063,6
1064,2
1065,1
1066,5
1067,7
1068,6
1069,6
1070,4
1071,4
1072,0
1073,2
1074,1
1075,6
1076,5
1077,2
1078,2
1079,8
1080,3
1081,5
1082,0
1083,9
1084,5
1085,5
1086,9
1087,2
1088,2
1089,3
1090,6
1091,2
1092,2
1093,0
1094,7
1095,8
1096,4
1097,8
1098,5
1099,0
1100,1
1101,9
1102,6
1103,0
1104,1
1105,9
1106,6
1107,7
1108,7
1109,1
1110,8
1111,1
1112,4
1113,1
1114,4
1115,6
1116,5
1117,9
1118,2
1119,2
1120,3
1121,0
1122,6
1123,9
1124,1
1125,0
1126,4
1127,4
1128,8
1129,9
1130,3
1131,9
1132,4
1133,0
1134,7
1135,2
1136,1
1137,5
1138,7
1139,2
1140,4
1141,4
1142,8
1143,8
1144,6
1145,0
1146,9
1147,1
1148,7
1149,9
1150,8
1151,1
1152,2
1153,7
1154,7
1155,1
1156,5
1157,7
1158,2
1159,7
1160,9
1161,0
1162,2
1163,6
1164,7
1165,1
1166,4
1167,4
1168,1
1169,7
1170,8
1171,2
1172,2
1173,1
1174,3
1175,0
1176,3
1177,4
1178,1
1179,6
1180,0
1181,2
1182,9
1183,0
1184,1
1185,4
1186,4
1187,6
1188,7
1189,8
1190,6
1191,7
1192,3
1193,5
1194,8
1195,0
1196,6
1197,7
1198,8
1199,3
1200,2
1201,4
1202,8
1203,6
1204,2
1205,2
1206,4
1207,1
1208,2
1209,8
1210,9
1211,6
1212,2
1213,9
1214,0
1215,8
1216,6
1217,8
1218,2
1219,5
1220,7
1221,3
1222,7
1223,4
1224,1
1225,7
1226,8
1227,1
1228,6
1229,0
1230,5
1231,3
1232,2
1233,3
1234,6
1235,6
1236,8
1237,8
1238,9
1239,1
1240,0
1241,1
1242,6
1243,8
1244,0
1245,7
1246,3
1247,3
1248,9
1249,5
1250,7
1251,8
1252,8
1253,6
1254,3
1255,3
1256,5
1257,1
1258,8
1259,7
1260,8
1261,9
1262,7
1263,2
1264,0
1265,7
1266,6
1267,5
1268,7
1269,2
1270,9
1271,4
1272,5
1273,0
1274,9
1275,7
1276,3
1277,2
1278,1
1279,4
1280,1
1281,6
1282,2
1283,1
1284,1
1285,9
1286,5
1287,4
1288,8
1289,0
1290,3
1291,8
1292,1
1293,5
1294,0
1295,3
1296,4
1297,7
1298,9
1299,6
1300,4
1301,7
1302,8
1303,0
1304,2
1305,1
1306,1
1307,1
1308,8
1309,3
1310,1
1311,6
1312,6
1313,0
1314,8
1315,7
1316,4
1317,1
1318,7
1319,9
1320,3
1321,4
1322,2
1323,1
1324,4
1325,2
1326,5
1327,9
1328,1
1329,3
1330,1
1331,8
1332,3
1333,6
1334,1
1335,9
1336,2
1337,1
1338,8
1339,2
1340,3
1341,7
1342,5
1343,0
1344,6
1345,7
1346,9
1347,9
1348,8
1349,3
1350,7
1351,7
1352,8
1353,9
1354,4
1355,2
1356,9
1357,7
1358,1
1359,2
1360,0
1361,1
1362,3
1363,7
1364,3
1365,7
1366,9
1367,7
1368,3
1369,5
1370,2
1371,4
1372,1
1373,5
1374,6
1375,7
1376,8
1377,2
1378,0
1379,8
1380,4
1381,5
1382,2
1383,6
1384,5
1385,7
1386,1
1387,2
1388,2
1389,9
1390,1
1391,7
1392,5
1393,4
1394,8
1395,9
1396,1
1397,0
1398,3
1399,6
1400,6
1401,5
1402,7
1403,1
1404,9
1405,9
1406,2
1407,1
1408,8
1409,3
1410,0
1411,7
1412,1
1413,8
1414,0
1415,2
1416,8
1417,5
1418,6
1419,2
1420,1
1421,0
1422,3
1423,5
1424,8
1425,6
1426,5
1427,6
1428,9
1429,5
1430,5
1431,7
1432,1
1433,0
1434,1
1435,8
1436,0
1437,5
1438,9
1439,5
1440,4
1441,7
1442,5
1443,0
1444,8
1445,1
1446,3
1447,9
1448,3
1449,7
1450,4
1451,1
1452,4
1453,3
1454,4
1455,8
1456,2
1457,0
1458,3
1459,2
1460,9
1461,5
1462,9
1463,9
1464,3
1465,2
1466,8
1467,5
1468,6
1469,5
1470,1
1471,5
1472,7
1473,5
1474,0
1475,7
1476,3
1477,5
1478,8
1479,7
1480,4
1481,3
1482,8
1483,2
1484,6
1485,4
1486,8
1487,6
1488,3
1489,5
1490,9
1491,3
1492,1
1493,3
1494,0
1495,6
1496,7
1497,5
1498,1
1499,2
1500,6
1501,8
1502,3
1503,4
1504,8
1505,2
1506,0
1507,8
1508,2
1509,0
1510,7
1511,9
1512,2
1513,9
1514,8
1515,5
1516,6
1517,4
1518,6
1519,5
1520,1
1521,1
1522,2
1523,4
1524,0
1525,8
1526,4
1527,9
1528,7
1529,2
1530,8
1531,3
1532,3
1533,4
1534,6
1535,1
1536,7
1537,8
1538,6
1539,4
1540,3
1541,3
1542,1
1543,0
1544,1
1545,9
1546,5
1547,6
1548,0
1549,4
1550,6
1551,1
1552,1
1553,6
1554,0
1555,9
1556,1
1557,0
1558,6
1559,4
1560,2
1561,2
1562,7
1563,9
1564,2
1565,0
1566,8
1567,0
1568,2
1569,0
1570,7
1571,3
1572,6
1573,9
1574,3
1575,7
1576,3
1577,2
1578,4
1579,6
1580,7
1581,7
1582,0
1583,7
1584,2
1585,5
1586,8
1587,8
1588,3
1589,7
1590,6
1591,4
1592,2
1593,0
1594,8
1595,7
1596,9
1597,3
1598,0
1599,3
1600,9
1601,8
1602,3
1603,9
1604,6
1605,4
1606,7
1607,6
1608,3
1609,5
1610,5
1611,6
1612,2
1613,9
1614,3
1615,6
1616,7
1617,6
1618,1
1619,3
1620,9
1621,1
1622,5
1623,8
1624,3
1625,0
1626,6
1627,3
1628,9
1629,7
1630,1
1631,1
1632,0
1633,6
1634,7
1635,1
1636,9
1637,1
1638,2
1639,0
1640,1
1641,9
1642,8
1643,7
1644,0
1645,2
1646,2
1647,2
1648,9
1649,8
1650,1
1651,5
1652,0
1653,8
1654,9
1655,1
1656,5
1657,9
1658,4
1659,3
1660,3
1661,6
1662,3
1663,9
1664,2
1665,6
1666,7
1667,8
1668,8
1669,5
1670,2
1671,6
1672,5
1673,4
1674,7
1675,0
1676,8
1677,7
1678,9
1679,0
1680,3
1681,2
1682,3
1683,8
1684,0
1685,5
1686,3
1687,7
1688,0
1689,8
1690,3
1691,1
1692,1
1693,0
1694,4
1695,2
1696,3
1697,1
1698,0
1699,4
1700,5
1701,9
1702,0
1703,6
1704,8
1705,9
1706,1
1707,4
1708,0
1709,5
1710,1
1711,2
1712,6
1713,3
1714,5
1715,7
1716,3
1717,7
1718,3
1719,3
1720,1
1721,7
1722,9
1723,4
1724,1
1725,4
1726,1
1727,3
1728,7
1729,3
1730,7
1731,7
1732,1
1733,0
1734,2
1735,9
1736,9
1737,5
1738,5
1739,0
1740,3
1741,0
1742,6
1743,6
1744,6
1745,9
1746,8
1747,2
1748,0
1749,9
1750,8
1751,0
1752,9
1753,7
1754,8
1755,7
1756,6
1757,3
1758,7
1759,8
1760,8
1761,1
1762,3
1763,0
1764,4
1765,5
1766,9
1767,1
1768,6
1769,7
1770,1
1771,2
1772,6
1773,3
1774,9
1775,4
1776,7
1777,7
1778,3
1779,9
1780,2
1781,7
1782,9
1783,8
1784,8
1785,6
1786,4
1787,0
1788,9
1789,7
1790,9
1791,0
1792,5
1793,3
1794,2
1795,6
1796,2
1797,6
1798,5
1799,0
1800,4
1801,9
1802,1
1803,6
1804,5
1805,0
1806,4
1807,6
1808,5
1809,0
1810,9
1811,4
1812,3
1813,5
1814,7
1815,6
1816,0
1817,2
1818,9
1819,3
1820,4
1821,6
1822,4
1823,7
1824,3
1825,3
1826,7
1827,7
1828,6
1829,6
1830,5
1831,3
1832,7
1833,6
1834,1
1835,5
1836,0
1837,1
1838,6
1839,7
1840,9
1841,8
1842,4
1843,2
1844,8
1845,6
1846,1
1847,0
1848,1
1849,7
1850,7
1851,0
1852,1
1853,8
1854,9
1855,4
1856,8
1857,4
1858,7
1859,7
1860,6
1861,4
1862,9
1863,8
1864,7
1865,3
1866,3
1867,1
1868,5
1869,5
1870,7
1871,0
1872,6
1873,8
1874,2
1875,8
1876,8
1877,2
1878,5
1879,8
1880,2
1881,9
1882,2
1883,7
1884,4
1885,7
1886,7
1887,4
1888,3
1889,7
1890,6
1891,3
1892,3
1893,7
1894,7
1895,2
1896,3
1897,2
1898,4
1899,3
1900,4
1901,1
1902,3
1903,9
1904,4
1905,1
1906,3
1907,5
1908,5
1909,0
1910,1
1911,2
1912,3
1913,5
1914,1
1915,2
1916,7
1917,1
1918,5
1919,4
1920,0
1921,4
1922,6
1923,9
1924,5
1925,7
1926,6
1927,2
1928,1
1929,4
1930,0
1931,4
1932,2
1933,3
1934,2
1935,3
1936,0
1937,7
1938,6
1939,4
1940,5
1941,2
1942,7
1943,3
1944,0
1945,9
1946,0
1947,3
1948,8
1949,5
1950,2
1951,7
1952,7
1953,9
1954,2
1955,7
1956,2
1957,8
1958,9
1959,3
1960,5
1961,2
1962,7
1963,2
1964,9
1965,5
1966,2
1967,5
1968,3
1969,5
1970,5
1971,0
1972,6
1973,4
1974,7
1975,8
1976,3
1977,3
1978,4
1979,9
1980,0
1981,9
1982,2
1983,1
1984,1
1985,5
1986,7
1987,1
1988,7
1989,2
1990,4
1991,2
1992,9
1993,9
1994,5
1995,8
1996,7
1997,0
1998,8
1999,2
2000,6
2001,3
2002,5
2003,9
2004,8
2005,6
2006,2
2007,7
2008,7
2009,5
2010,3
2011,1
2012,8
2013,1
2014,1
2015,7
2016,5
2017,4
2018,7
2019,7
2020,8
2021,1
2022,1
2023,7
2024,4
2025,3
2026,5
2027,1
2028,8
2029,3
2030,9
2031,3
2032,1
2033,8
2034,5
2035,0
2036,0
2037,5
2038,3
2039,2
2040,1
2041,7
2042,7
2043,1
2044,8
2045,9
2046,3
2047,8
2048,5
2049,3
2050,5
2051,9
2052,1
2053,2
2054,0
2055,3
2056,4
2057,0
2058,8
2059,6
2060,3
2061,6
2062,3
2063,6
2064,5
2065,7
2066,8
2067,7
2068,0
2069,3
2070,8
2071,9
2072,5
2073,3
2074,9
2075,4
2076,7
2077,1
2078,7
2079,4
2080,7
2081,3
2082,3
2083,7
2084,8
2085,1
2086,9
2087,0
2088,7
2089,7
2090,6
2091,6
2092,3
2093,3
2094,7
2095,6
2096,8
2097,5
2098,1
2099,0
2100,4
2101,6
2102,6
2103,3
2104,5
2105,4
2106,8
2107,5
2108,3
2109,7
2110,6
2111,5
2112,2
2113,9
2114,9
2115,6
2116,1
2117,8
2118,0
2119,8
2120,4
2121,8
2122,3
2123,2
2124,6
2125,2
2126,7
2127,0
2128,7
2129,9
2130,5
2131,1
2132,4
2133,1
2134,9
2135,5
2136,1
2137,8
2138,2
2139,0
2140,2
2141,9
2142,6
2143,0
2144,6
2145,1
2146,9
2147,3
2148,7
2149,3
2150,5
2151,9
2152,9
2153,0
2154,9
2155,1
2156,4
2157,8
2158,0
2159,7
2160,4
2161,7
2162,7
2163,3
2164,8
2165,6
2166,0
2167,3
2168,9
2169,2
2170,5
2171,2
2172,4
2173,6
2174,9
2175,3
2176,5
2177,8
2178,8
2179,7
2180,5
2181,7
2182,0
2183,5
2184,5
2185,0
2186,2
2187,0
2188,4
2189,2
2190,4
2191,0
2192,0
2193,2
2194,9
2195,5
2196,3
2197,0
2198,7
2199,3
2200,8
2201,0
2202,4
2203,0
2204,8
2205,8
2206,7
2207,4
2208,6
2209,5
2210,1
2211,9
2212,8
2213,2
2214,7
2215,7
2216,6
2217,3
2218,5
2219,1
2220,1
2221,7
2222,7
2223,4
2224,4
2225,5
2226,5
2227,9
2228,6
2229,8
2230,6
2231,6
2232,2
2233,3
2234,9
2235,2
2236,7
2237,7
2238,6
2239,0
2240,7
2241,4
2242,1
2243,5
2244,0
2245,0
2246,6
2247,0
2248,7
2249,8
2250,6
2251,1
2252,3
2253,2
2254,3
2255,9
2256,1
2257,9
2258,2
2259,0
2260,9
2261,7
2262,8
2263,4
2264,4
2265,8
2266,9
2267,9
2268,1
2269,7
2270,2
2271,2
2272,6
2273,4
2274,2
2275,3
2276,5
2277,7
2278,2
2279,4
2280,4
2281,0
2282,6
2283,3
2284,0
2285,3
2286,6
2287,9
2288,4
2289,2
2290,5
2291,1
2292,1
2293,3
2294,9
2295,3
2296,3
2297,2
2298,3
2299,1
2300,0
2301,3
2302,0
2303,5
2304,3
2305,7
2306,4
2307,0
2308,6
2309,7
2310,2
2311,7
2312,7
2313,9
2314,5
2315,0
2316,7
2317,1
2318,8
2319,8
2320,0
2321,1
2322,5
2323,3
2324,1
2325,9
2326,8
2327,2
2328,2
2329,7
2330,6
2331,9
2332,0
2333,4
2334,6
2335,8
2336,4
2337,1
2338,1
2339,2
2340,6
2341,6
2342,8
2343,2
2344,5
2345,2
2346,6
2347,4
2348,1
2349,8
2350,5
2351,4
2352,6
2353,1
2354,8
2355,7
2356,0
2357,4
2358,9
2359,7
2360,2
2361,6
2362,5
2363,2
2364,0
2365,5
2366,0
2367,0
2368,3
2369,1
2370,3
2371,5
2372,9
2373,5
2374,9
2375,1
2376,4
2377,9
2378,0
2379,9
2380,9
2381,9
2382,2
2383,4
2384,8
2385,0
2386,7
2387,9
2388,6
2389,3
2390,9
2391,8
2392,7
2393,8
2394,3
2395,0
2396,4
2397,9
2398,9
2399,6
2400,5
2401,2
2402,2
2403,1
2404,1
2405,1
2406,0
2407,7
2408,5
2409,2
2410,7
2411,1
2412,1
2413,2
2414,8
2415,0
2416,9
2417,1
2418,9
2419,0
2420,6
2421,7
2422,1
2423,1
2424,8
2425,9
2426,0
2427,4
2428,0
2429,0
2430,9
2431,2
2432,3
2433,0
2434,8
2435,2
2436,6
2437,0
2438,5
2439,7
2440,5
2441,8
2442,4
2443,9
2444,1
2445,9
2446,0
2447,8
2448,8
2449,1
2450,4
2451,8
2452,6
2453,2
2454,3
2455,9
2456,5
2457,7
2458,4
2459,2
2460,2
2461,1
2462,1
2463,5
2464,8
2465,6
2466,0
2467,2
2468,6
2469,0
2470,8
2471,2
2472,4
2473,2
2474,5
2475,3
2476,3
2477,4
2478,1
2479,3
2480,0
2481,6
2482,3
2483,7
2484,6
2485,8
2486,8
2487,4
2488,7
2489,7
2490,1
2491,1
2492,1
2493,9
2494,6
2495,1
2496,1
2497,3
2498,7
2499,7
2500,8
2501,5
2502,6
2503,1
2504,2
2505,3
2506,1
2507,4
2508,6
2509,7
2510,1
2511,2
2512,6
2513,7
2514,3
2515,4
2516,4
2517,1
2518,6
2519,2
2520,4
2521,0
2522,2
2523,6
2524,0
2525,2
2526,0
2527,0
2528,6
2529,3
2530,4
2531,9
2532,3
2533,6
2534,4
2535,2
2536,7
2537,5
2538,0
2539,6
2540,4
2541,9
2542,6
2543,7
2544,9
2545,5
2546,4
2547,9
2548,1
2549,9
2550,7
2551,8
2552,3
2553,0
2554,4
2555,2
2556,7
2557,5
2558,7
2559,2
2560,2
2561,4
2562,6
2563,0
2564,4
2565,0
2566,9
2567,7
2568,9
2569,4
2570,1
2571,5
2572,3
2573,9
2574,1
2575,6
2576,1
2577,0
2578,6
2579,7
2580,2
2581,2
2582,0
2583,2
2584,2
2585,9
2586,2
2587,5
2588,6
2589,4
2590,7
2591,2
2592,1
2593,0
2594,4
2595,0
2596,9
2597,6
2598,7
2599,1
2600,2
2601,1
2602,6
2603,2
2604,2
2605,2
2606,7
2607,9
2608,7
2609,9
2610,9
2611,8
2612,5
2613,9
2614,0
2615,1
2616,4
2617,2
2618,5
2619,0
2620,5
2621,7
2622,6
2623,6
2624,2
2625,0
2626,1
2627,2
2628,6
2629,3
2630,1
2631,8
2632,2
2633,0
2634,6
2635,6
2636,2
2637,8
2638,1
2639,8
2640,7
2641,7
2642,8
2643,4
2644,6
2645,6
2646,6
2647,6
2648,4
2649,4
2650,9
2651,9
2652,7
2653,6
2654,6
2655,3
2656,8
2657,9
2658,7
2659,6
2660,9
2661,6
2662,8
2663,3
2664,2
2665,9
2666,0
2667,8
2668,0
2669,8
2670,4
2671,1
2672,9
2673,8
2674,1
2675,4
2676,8
2677,0
2678,8
2679,0
2680,9
2681,2
2682,4
2683,8
2684,0
2685,8
2686,7
2687,1
2688,9
2689,0
2690,2
2691,2
2692,7
2693,1
2694,3
2695,7
2696,9
2697,3
2698,9
2699,6
2700,3
2701,8
2702,8
2703,1
2704,7
2705,3
2706,7
2707,9
2708,4
2709,4
2710,4
2711,6
2712,4
2713,7
2714,8
2715,0
2716,1
2717,9
2718,3
2719,7
2720,4
2721,0
2722,8
2723,1
2724,0
2725,0
2726,4
2727,0
2728,1
2729,7
2730,8
2731,3
2732,2
2733,6
2734,8
2735,2
2736,3
2737,4
2738,4
2739,3
2740,9
2741,2
2742,5
2743,3
2744,9
2745,1
2746,3
2747,6
2748,9
2749,2
2750,5
2751,8
2752,2
2753,5
2754,7
2755,0
2756,4
2757,3
2758,9
2759,8
2760,0
2761,9
2762,7
2763,3
2764,4
2765,1
2766,7
2767,3
2768,5
2769,0
2770,6
2771,8
2772,0
2773,7
2774,8
2775,4
2776,7
2777,1
2778,0
2779,9
2780,7
2781,8
2782,7
2783,5
2784,0
2785,1
2786,7
2787,7
2788,1
2789,2
2790,5
2791,4
2792,8
2793,3
2794,8
2795,9
2796,6
2797,5
2798,8
2799,2
2800,0
2801,4
2802,0
2803,6
2804,2
2805,8
2806,3
2807,3
2808,8
2809,4
2810,0
2811,3
2812,4
2813,2
2814,0
2815,0
2816,6
2817,2
2818,0
2819,6
2820,9
2821,0
2822,2
2823,4
2824,8
2825,8
2826,7
2827,4
2828,4
2829,0
2830,8
2831,5
2832,9
2833,5
2834,5
2835,0
2836,8
2837,6
2838,1
2839,6
2840,8
2841,7
2842,7
2843,6
2844,4
2845,8
2846,0
2847,0
2848,2
2849,5
2850,1
2851,5
2852,0
2853,7
2854,8
2855,4
2856,1
2857,8
2858,7
2859,6
2860,8
2861,1
2862,6
2863,3
2864,4
2865,3
2866,0
2867,9
2868,2
2869,9
2870,0
2871,6
2872,6
2873,6
2874,2
2875,7
2876,7
2877,4
2878,3
2879,6
2880,4
2881,5
2882,2
2883,1
2884,4
2885,5
2886,2
2887,6
2888,2
2889,3
2890,5
2891,8
2892,7
2893,7
2894,1
2895,6
2896,9
2897,4
2898,6
2899,9
2900,5
2901,8
2902,5
2903,1
2904,9
2905,2
2906,3
2907,7
2908,6
2909,6
2910,4
2911,4
2912,4
2913,5
2914,5
2915,5
2916,3
2917,1
2918,5
2919,6
2920,9
2921,1
2922,4
2923,5
2924,2
2925,9
2926,3
2927,5
2928,4
2929,1
2930,1
2931,2
2932,3
2933,7
2934,1
2935,5
2936,7
2937,8
2938,2
2939,8
2940,4
2941,4
2942,2
2943,4
2944,6
2945,5
2946,7
2947,0
2948,7
2949,7
2950,3
2951,3
2952,4
2953,1
2954,8
2955,0
2956,7
2957,2
2958,1
2959,3
2960,7
2961,2
2962,3
2963,0
2964,1
2965,3
2966,3
2967,0
2968,2
2969,8
2970,7
2971,3
2972,8
2973,9
2974,7
2975,0
2976,3
2977,5
2978,2
2979,1
2980,1
2981,7
2982,0
2983,0
2984,7
2985,7
2986,5
2987,7
2988,9
2989,9
2990,0
2991,2
2992,3
2993,1
2994,1
2995,3
2996,2
2997,9
2998,5
2999,4
3000,8
3001,5
3002,7
3003,4
3004,0
3005,0
3006,8
3007,2
3008,1
3009,2
3010,4
3011,0
3012,5
3013,7
3014,5
3015,4
3016,2
3017,9
3018,6
3019,8
3020,4
3021,3
3022,2
3023,8
3024,0
3025,2
3026,4
3027,6
3028,2
3029,8
3030,6
3031,3
3032,5
3033,7
3034,9
3035,2
3036,5
3037,5
3038,7
3039,9
3040,9
3041,6
3042,1
3043,5
3044,1
3045,1
3046,6
3047,3
3048,9
3049,7
3050,4
3051,2
3052,1
3053,1
3054,9
3055,7
3056,1
3057,8
3058,5
3059,3
3060,0
3061,3
3062,4
3063,6
3064,2
3065,3
3066,3
3067,7
3068,0
3069,3
3070,2
3071,9
3072,4
3073,1
3074,9
3075,7
3076,2
3077,0
3078,2
3079,6
3080,4
3081,2
3082,0
3083,1
3084,3
3085,1
3086,3
3087,5
3088,6
3089,4
3090,9
3091,0
3092,2
3093,3
3094,8
3095,0
3096,4
3097,0
3098,7
3099,5
3100,1
3101,4
3102,9
3103,4
3104,6
3105,1
3106,3
3107,6
3108,5
3109,7
3110,9
3111,3
3112,9
3113,9
3114,9
3115,1
3116,9
3117,9
3118,2
3119,1
3120,8
3121,7
3122,6
3123,4
3124,7
3125,9
3126,9
3127,7
3128,1
3129,4
3130,6
3131,6
3132,6
3133,0
3134,1
3135,1
3136,7
3137,3
3138,8
3139,8
3140,5
3141,7
3142,0
3143,4
3144,1
3145,9
3146,7
3147,5
3148,0
3149,8
3150,2
3151,4
3152,4
3153,6
3154,7
3155,7
3156,5
3157,5
3158,1
3159,9
3160,5
3161,0
3162,1
3163,6
3164,9
3165,4
3166,9
3167,9
3168,5
3169,2
3170,7
3171,8
3172,8
3173,0
3174,7
3175,3
3176,7
3177,2
3178,1
3179,3
3180,1
3181,3
3182,7
3183,2
3184,3
3185,3
3186,8
3187,8
3188,0
3189,7
3190,6
3191,2
3192,2
3193,9
3194,7
3195,4
3196,9
3197,7
3198,3
3199,1
3200,1
3201,2
3202,3
3203,7
3204,4
3205,0
3206,3
3207,2
3208,0
3209,9
3210,4
3211,6
3212,2
3213,1
3214,4
3215,7
3216,6
3217,4
3218,8
3219,9
3220,4
3221,7
3222,1
3223,0
3224,1
3225,0
3226,7
3227,5
3228,7
3229,8
3230,7
3231,5
3232,0
3233,8
3234,1
3235,3
3236,5
3237,8
3238,3
3239,5
3240,8
3241,5
3242,5
3243,4
3244,1
3245,3
3246,9
3247,5
3248,6
3249,2
3250,4
3251,0
3252,2
3253,7
3254,0
3255,7
3256,1
3257,8
3258,7
3259,8
3260,6
3261,1
3262,1
3263,9
3264,8
3265,3
3266,6
3267,9
3268,7
3269,9
3270,2
3271,1
3272,0
3273,9
3274,7
3275,5
3276,8
3277,8
3278,2
3279,3
3280,1
3281,8
3282,7
3283,0
3284,5
3285,7
3286,2
3287,6
3288,5
3289,4
3290,0
3291,2
3292,6
3293,7
3294,0
3295,8
3296,3
3297,5
3298,7
3299,7
3300,3
3301,6
3302,1
3303,1
3304,8
3305,7
3306,2
3307,5
3308,0
3309,3
3310,7
3311,2
3312,0
3313,0
3314,3
3315,7
3316,8
3317,9
3318,0
3319,8
3320,5
3321,5
3322,0
3323,9
3324,9
3325,1
3326,7
3327,9
3328,6
3329,6
3330,5
3331,8
3332,2
3333,5
3334,3
3335,6
3336,3
3337,2
3338,6
3339,5
3340,3
3341,3
3342,2
3343,8
3344,7
3345,4
3346,4
3347,1
3348,5
3349,0
3350,8
3351,3
3352,9
3353,6
3354,8
3355,2
3356,9
3357,6
3358,9
3359,0
3360,5
3361,7
3362,5
3363,8
3364,0
3365,2
3366,2
3367,3
3368,7
3369,4
3370,8
3371,1
3372,2
3373,9
3374,1
3375,1
3376,7
3377,1
3378,4
3379,5
3380,6
3381,8
3382,9
3383,1
3384,2
3385,6
3386,3
3387,1
3388,0
3389,2
3390,9
3391,2
3392,5
3393,1
3394,0
3395,6
3396,2
3397,4
3398,3
3399,7
3400,7
3401,6
3402,3
3403,2
3404,6
3405,3
3406,6
3407,0
3408,5
3409,3
3410,4
3411,5
3412,8
3413,7
3414,3
3415,8
3416,8
3417,4
3418,6
3419,6
3420,1
3421,3
3422,7
3423,6
3424,9
3425,5
3426,8
3427,0
3428,2
3429,7
3430,3
3431,3
3432,0
3433,4
3434,2
3435,2
3436,3
3437,7
3438,3
3439,5
3440,3
3441,6
3442,9
3443,9
3444,4
3445,6
3446,9
3447,2
3448,9
3449,9
3450,4
3451,5
3452,6
3453,8
3454,3
3455,7
3456,3
3457,5
3458,1
3459,2
3460,2
3461,7
3462,5
3463,0
3464,5
3465,9
3466,4
3467,2
3468,3
3469,1
3470,4
3471,5
3472,5
3473,2
3474,7
3475,6
3476,1
3477,3
3478,7
3479,4
3480,3
3481,3
3482,7
3483,8
3484,0
3485,5
3486,3
3487,5
3488,2
3489,0
3490,3
3491,0
3492,8
3493,4
3494,3
3495,3
3496,9
3497,5
3498,3
3499,5
3500,7
3501,4
3502,5
3503,1
3504,9
3505,4
3506,6
3507,4
3508,2
3509,9
3510,8
3511,3
3512,7
3513,8
3514,1
3515,4
3516,4
3517,8
3518,1
3519,3
3520,1
3521,4
3522,3
3523,0
3524,0
3525,9
3526,2
3527,4
3528,1
3529,7
3530,8
3531,5
3532,9
3533,5
3534,2
3535,6
3536,9
3537,1
3538,9
3539,0
3540,1
3541,7
3542,9
3543,6
3544,5
3545,7
3546,2
3547,8
3548,9
3549,9
3550,2
3551,6
3552,0
3553,1
3554,5
3555,6
3556,8
3557,6
3558,7
3559,3
3560,8
3561,0
3562,3
3563,8
3564,1
3565,0
3566,2
3567,2
3568,0
3569,2
3570,6
3571,4
3572,1
3573,3
3574,1
3575,3
3576,2
3577,2
3578,1
3579,0
3580,2
3581,4
3582,8
3583,4
3584,2
3585,7
3586,6
3587,9
3588,0
3589,8
3590,4
3591,3
3592,7
3593,3
3594,2
3595,8
3596,5
3597,4
3598,9
3599,8
3600,8
3601,3
3602,5
3603,0
3604,7
3605,5
3606,4
3607,9
3608,7
3609,7
3610,1
3611,4
3612,4
3613,4
3614,9
3615,9
3616,7
3617,3
3618,3
3619,3
3620,9
3621,9
3622,9
3623,0
3624,1
3625,0
3626,5
3627,6
3628,3
3629,5
3630,5
3631,5
3632,9
3633,9
3634,0
3635,5
3636,7
3637,5
3638,4
3639,5
3640,6
3641,7
3642,8
3643,2
3644,9
3645,4
3646,5
3647,6
3648,9
3649,3
3650,0
3651,3
3652,4
3653,0
3654,3
3655,2
3656,3
3657,9
3658,3
3659,3
3660,7
3661,1
3662,2
3663,0
3664,7
3665,5
3666,9
3667,7
3668,8
3669,7
3670,4
3671,1
3672,1
3673,6
3674,0
3675,0
3676,6
3677,3
3678,6
3679,8
3680,8
3681,2
3682,9
3683,7
3684,9
3685,3
3686,1
3687,8
3688,7
3689,3
3690,8
3691,7
3692,0
3693,1
3694,0
3695,2
3696,3
3697,0
3698,2
3699,0
3700,0
3701,7
3702,0
3703,1
3704,0
3705,4
3706,3
3707,3
3708,4
3709,1
3710,5
3711,4
3712,0
3713,7
3714,6
3715,4
3716,6
3717,7
3718,9
3719,6
3720,6
3721,1
3722,0
3723,5
3724,3
3725,1
3726,8
3727,5
3728,0
3729,8
3730,8
3731,3
3732,7
3733,3
3734,8
3735,5
3736,7
3737,1
3738,9
3739,9
3740,2
3741,9
3742,6
3743,2
3744,3
3745,4
3746,4
3747,1
3748,4
3749,1
3750,0
3751,2
3752,7
3753,4
3754,5
3755,8
3756,7
3757,4
3758,8
3759,1
3760,0
3761,2
3762,2
3763,0
3764,3
3765,5
3766,0
3767,0
3768,2
3769,2
3770,5
3771,8
3772,3
3773,5
3774,7
3775,9
3776,7
3777,0
3778,1
3779,4
3780,1
3781,3
3782,9
3783,1
3784,8
3785,9
3786,3
3787,8
3788,3
3789,4
3790,2
3791,7
3792,8
3793,7
3794,4
3795,4
3796,8
3797,9
3798,1
3799,1
3800,2
3801,6
3802,7
3803,5
3804,7
3805,4
3806,8
3807,1
3808,2
3809,7
3810,9
3811,3
3812,7
3813,6
3814,7
3815,5
3816,7
3817,7
3818,4
3819,7
3820,6
3821,3
3822,6
3823,4
3824,2
3825,4
3826,3
3827,8
3828,5
3829,8
3830,9
3831,3
3832,2
3833,6
3834,6
3835,5
3836,6
3837,7
3838,9
3839,6
3840,0
3841,2
3842,7
3843,8
3844,9
3845,9
3846,7
3847,1
3848,7
3849,0
3850,0
3851,3
3852,4
3853,0
3854,1
3855,1
3856,1
3857,6
3858,5
3859,8
3860,6
3861,1
3862,2
3863,7
3864,4
3865,0
3866,0
3867,9
3868,1
3869,5
3870,2
3871,9
3872,2
3873,3
3874,2
3875,4
3876,1
3877,3
3878,3
3879,2
3880,4
3881,6
3882,0
3883,9
3884,1
3885,0
3886,8
3887,6
3888,0
3889,5
3890,0
3891,1
3892,9
3893,3
3894,1
3895,1
3896,8
3897,4
3898,0
3899,1
3900,3
3901,0
3902,8
3903,6
3904,7
3905,6
3906,6
3907,6
3908,5
3909,9
3910,6
3911,9
3912,1
3913,3
3914,7
3915,0
3916,9
3917,3
3918,7
3919,4
3920,9
3921,8
3922,9
3923,3
3924,6
3925,8
3926,7
3927,5
3928,7
3929,3
3930,8
3931,2
3932,6
3933,8
3934,9
3935,0
3936,0
3937,6
3938,0
3939,8
3940,0
3941,6
3942,3
3943,0
3944,4
3945,1
3946,8
3947,8
3948,3
3949,3
3950,9
3951,3
3952,2
3953,8
3954,0
3955,4
3956,3
3957,2
3958,7
3959,3
3960,7
3961,2
3962,7
3963,6
3964,8
3965,6
3966,2
3967,3
3968,8
3969,3
3970,0
3971,3
3972,1
3973,3
3974,1
3975,9
3976,6
3977,7
3978,1
3979,3
3980,3
3981,1
3982,4
3983,2
3984,1
3985,4
3986,6
3987,1
3988,4
3989,9
3990,5
3991,7
3992,6
3993,0
3994,5
3995,9
3996,6
3997,4
3998,6
3999,3
4000,0
4001,5
4002,2
4003,9
4004,1
4005,1
4006,0
4007,1
4008,1
4009,4
4010,6
4011,5
4012,1
4013,9
4014,4
4015,9
4016,8
4017,1
4018,8
4019,6
4020,4
4021,4
4022,1
4023,2
4024,1
4025,1
4026,0
4027,6
4028,1
4029,6
4030,9
4031,9
4032,6
4033,1
4034,5
4035,0
4036,1
4037,2
4038,9
4039,3
4040,9
4041,9
4042,4
4043,6
4044,0
4045,7
4046,9
4047,7
4048,3
4049,4
4050,8
4051,1
4052,8
4053,3
4054,4
4055,1
4056,1
4057,0
4058,1
4059,5
4060,0
4061,1
4062,3
4063,6
4064,5
4065,2
4066,8
4067,4
4068,9
4069,2
4070,0
4071,9
4072,8
4073,2
4074,1
4075,5
4076,0
4077,6
4078,5
4079,1
4080,6
4081,7
4082,0
4083,6
4084,9
4085,1
4086,3
4087,4
4088,5
4089,7
4090,6
4091,7
4092,3
4093,3
4094,7
4095,0
4096,8
4097,1
4098,2
4099,4
4100,5
4101,4
4102,1
4103,1
4104,9
4105,8
4106,1
4107,9
4108,9
4109,0
4110,8
4111,7
4112,5
4113,2
4114,4
4115,2
4116,9
4117,3
4118,8
4119,0
4120,8
4121,2
4122,1
4123,9
4124,7
4125,4
4126,1
4127,4
4128,8
4129,6
4130,3
4131,9
4132,0
4133,7
4134,1
4135,8
4136,1
4137,4
4138,0
4139,2
4140,7
4141,3
4142,2
4143,3
4144,7
4145,2
4146,9
4147,1
4148,1
4149,5
4150,7
4151,1
4152,9
4153,5
4154,4
4155,6
4156,9
4157,3
4158,1
4159,6
4160,0
4161,9
4162,1
4163,3
4164,9
4165,2
4166,8
4167,8
4168,4
4169,3
4170,8
4171,2
4172,2
4173,5
4174,3
4175,7
4176,8
4177,7
4178,6
4179,1
4180,7
4181,2
4182,3
4183,5
4184,2
4185,8
4186,4
4187,9
4188,6
4189,6
4190,5
4191,3
4192,6
4193,8
4194,7
4195,3
4196,5
4197,2
4198,7
4199,9
4200,0
4201,0
4202,9
4203,4
4204,1
4205,9
4206,7
4207,1
4208,9
4209,2
4210,7
4211,8
4212,9
4213,2
4214,9
4215,1
4216,1
4217,6
4218,3
4219,0
4220,5
4221,5
4222,2
4223,5
4224,3
4225,3
4226,8
4227,2
4228,7
4229,0
4230,2
4231,2
4232,7
4233,3
4234,2
4235,7
4236,3
4237,7
4238,6
4239,7
4240,6
4241,6
4242,3
4243,9
4244,5
4245,2
4246,5
4247,8
4248,8
4249,5
4250,4
4251,0
4252,1
4253,7
4254,8
4255,0
4256,8
4257,6
4258,6
4259,1
4260,7
4261,3
4262,2
4263,3
4264,4
4265,4
4266,3
4267,4
4268,3
4269,9
4270,2
4271,3
4272,2
4273,1
4274,0
4275,0
4276,9
4277,1
4278,3
4279,0
4280,0
4281,8
4282,6
4283,1
4284,9
4285,2
4286,4
4287,7
4288,4
4289,6
4290,4
4291,2
4292,1
4293,2
4294,8
4295,5
4296,5
4297,7
4298,2
4299,7
4300,9
4301,6
4302,1
4303,9
4304,5
4305,6
4306,2
4307,5
4308,3
4309,5
4310,7
4311,5
4312,7
4313,9
4314,1
4315,2
4316,9
4317,3
4318,8
4319,0
4320,0
4321,0
4322,3
4323,8
4324,7
4325,1
4326,7
4327,3
4328,8
4329,3
4330,1
4331,0
4332,5
4333,4
4334,4
4335,7
4336,3
4337,2
4338,6
4339,2
4340,1
4341,7
4342,3
4343,9
4344,1
4345,6
4346,5
4347,1
4348,5
4349,3
4350,6
4351,0
4352,6
4353,6
4354,8
4355,6
4356,4
4357,1
4358,0
4359,6
4360,9
4361,4
4362,1
4363,7
4364,3
4365,1
4366,9
4367,4
4368,4
4369,3
4370,9
4371,7
4372,6
4373,4
4374,9
4375,2
4376,3
4377,0
4378,4
4379,1
4380,6
4381,5
4382,9
4383,4
4384,7
4385,6
4386,9
4387,7
4388,0
4389,0
4390,8
4391,1
4392,0
4393,8
4394,1
4395,1
4396,6
4397,8
4398,4
4399,8
4400,5
4401,7
4402,9
4403,6
4404,1
4405,6
4406,9
4407,9
4408,7
4409,2
4410,5
4411,9
4412,8
4413,2
4414,2
4415,8
4416,2
4417,9
4418,3
4419,1
4420,1
4421,8
4422,3
4423,4
4424,8
4425,4
4426,2
4427,7
4428,3
4429,2
4430,6
4431,7
4432,6
4433,1
4434,5
4435,2
4436,5
4437,8
4438,0
4439,4
4440,8
4441,2
4442,9
4443,5
4444,7
4445,8
4446,2
4447,8
4448,2
4449,2
4450,6
4451,4
4452,2
4453,8
4454,3
4455,6
4456,4
4457,9
4458,5
4459,6
4460,0
4461,2
4462,0
4463,0
4464,9
4465,8
4466,2
4467,7
4468,3
4469,7
4470,3
4471,3
4472,0
4473,4
4474,2
4475,8
4476,5
4477,0
4478,5
4479,0
4480,5
4481,1
4482,7
4483,2
4484,6
4485,4
4486,1
4487,7
4488,2
4489,7
4490,6
4491,3
4492,9
4493,9
4494,1
4495,0
4496,7
4497,9
4498,4
4499,2
4500,8
4501,7
4502,2
4503,4
4504,6
4505,0
4506,4
4507,6
4508,7
4509,6
4510,1
4511,4
4512,7
4513,2
4514,6
4515,3
4516,0
4517,6
4518,1
4519,7
4520,2
4521,6
4522,0
4523,5
4524,4
4525,4
4526,0
4527,7
4528,3
4529,9
4530,8
4531,6
4532,3
4533,1
4534,4
4535,9
4536,6
4537,1
4538,9
4539,3
4540,7
4541,7
4542,3
4543,4
4544,7
4545,7
4546,6
4547,1
4548,3
4549,4
4550,2
4551,1
4552,4
4553,3
4554,0
4555,7
4556,7
4557,8
4558,9
4559,2
4560,3
4561,7
4562,3
4563,2
4564,2
4565,4
4566,1
4567,5
4568,8
4569,7
4570,8
4571,8
4572,6
4573,6
4574,8
4575,1
4576,0
4577,4
4578,3
4579,7
4580,9
4581,4
4582,6
4583,7
4584,4
4585,5
4586,1
4587,5
4588,7
4589,5
4590,6
4591,5
4592,7
4593,0
4594,2
4595,7
4596,2
4597,6
4598,4
4599,6
4600,3
4601,7
4602,7
4603,9
4604,4
4605,3
4606,5
4607,5
4608,2
4609,9
4610,8
4611,3
4612,8
4613,2
4614,5
4615,8
4616,1
4617,4
4618,7
4619,4
4620,5
4621,6
4622,6
4623,3
4624,6
4625,2
4626,3
4627,8
4628,2
4629,2
4630,5
4631,0
4632,8
4633,9
4634,9
4635,6
4636,3
4637,1
4638,4
4639,6
4640,3
4641,1
4642,5
4643,1
4644,7
4645,3
4646,8
4647,3
4648,3
4649,9
4650,2
4651,9
4652,9
4653,2
4654,8
4655,6
4656,6
4657,9
4658,3
4659,9
4660,2
4661,3
4662,5
4663,0
4664,7
4665,9
4666,6
4667,8
4668,8
4669,9
4670,3
4671,7
4672,8
4673,2
4674,5
4675,6
4676,0
4677,7
4678,2
4679,9
4680,0
4681,4
4682,2
4683,7
4684,5
4685,9
4686,1
4687,4
4688,1
4689,1
4690,2
4691,2
4692,6
4693,5
4694,4
4695,7
4696,0
4697,8
4698,3
4699,5
4700,9
4701,1
4702,7
4703,7
4704,6
4705,1
4706,4
4707,1
4708,0
4709,3
4710,9
4711,7
4712,5
4713,7
4714,7
4715,4
4716,5
4717,3
4718,6
4719,0
4720,9
4721,8
4722,7
4723,4
4724,0
4725,0
4726,3
4727,1
4728,6
4729,2
4730,0
4731,8
4732,7
4733,0
4734,1
4735,5
4736,5
4737,5
4738,5
4739,3
4740,0
4741,7
4742,3
4743,7
4744,6
4745,4
4746,8
4747,0
4748,8
4749,6
4750,0
4751,1
4752,9
4753,2
4754,6
4755,8
4756,7
4757,4
4758,4
4759,6
4760,9
4761,7
4762,0
4763,6
4764,3
4765,8
4766,9
4767,0
4768,6
4769,3
4770,9
4771,1
4772,3
4773,2
4774,7
4775,8
4776,9
4777,2
4778,0
4779,3
4780,0
4781,1
4782,4
4783,1
4784,2
4785,1
4786,7
4787,9
4788,1
4789,9
4790,3
4791,1
4792,1
4793,7
4794,7
4795,2
4796,2
4797,6
4798,3
4799,6
4800,0
4801,0
4802,3
4803,1
4804,1
4805,3
4806,6
4807,3
4808,0
4809,0
4810,5
4811,3
4812,9
4813,5
4814,7
4815,2
4816,5
4817,2
4818,8
4819,8
4820,2
4821,2
4822,8
4823,3
4824,8
4825,7
4826,6
4827,8
4828,0
4829,6
4830,5
4831,9
4832,6
4833,8
4834,8
4835,1
4836,2
4837,6
4838,9
4839,4
4840,6
4841,4
4842,1
4843,6
4844,5
4845,6
4846,3
4847,5
4848,4
4849,2
4850,4
4851,3
4852,1
4853,5
4854,4
4855,2
4856,4
4857,5
4858,5
4859,9
4860,2
4861,8
4862,5
4863,2
4864,9
4865,1
4866,7
4867,5
4868,8
4869,5
4870,8
4871,9
4872,3
4873,9
4874,8
4875,5
4876,9
4877,6
4878,8
4879,1
4880,5
4881,2
4882,0
4883,6
4884,7
4885,8
4886,6
4887,7
4888,0
4889,9
4890,5
4891,3
4892,9
4893,1
4894,4
4895,3
4896,3
4897,5
4898,1
4899,9
4900,7
4901,2
4902,1
4903,0
4904,4
4905,1
4906,1
4907,5
4908,8
4909,5
4910,5
4911,3
4912,3
4913,8
4914,9
4915,6
4916,1
4917,9
4918,6
4919,6
4920,2
4921,4
4922,4
4923,8
4924,6
4925,3
4926,6
4927,1
4928,5
4929,2
4930,0
4931,2
4932,7
4933,9
4934,0
4935,9
4936,9
4937,3
4938,6
4939,8
4940,6
4941,3
4942,4
4943,0
4944,2
4945,1
4946,6
4947,4
4948,7
4949,1
4950,5
4951,6
4952,6
4953,2
4954,5
4955,8
4956,9
4957,2
4958,3
4959,0
4960,4
4961,0
4962,1
4963,6
4964,5
4965,4
4966,7
4967,8
4968,9
4969,4
4970,2
4971,9
4972,1
4973,0
4974,7
4975,5
4976,7
4977,2
4978,1
4979,4
4980,3
4981,1
4982,5
4983,4
4984,0
4985,1
4986,5
4987,4
4988,2
4989,0
4990,4
4991,3
4992,1
4993,8
4994,1
4995,6
4996,1
4997,9
4998,7
4999,2
5000,9
5001,6
5002,4
5003,1
5004,9
5005,4
5006,9
5007,9
5008,9
5009,9
5010,6
5011,9
5012,7
5013,5
5014,2
5015,3
5016,3
5017,3
5018,3
5019,7
5020,5
5021,8
5022,0
5023,0
5024,3
5025,5
5026,8
5027,1
5028,6
5029,7
5030,0
5031,1
5032,1
5033,4
5034,0
5035,9
5036,3
5037,7
5038,1
5039,9
5040,2
5041,0
5042,1
5043,7
5044,4
5045,6
5046,9
5047,6
5048,2
5049,9
5050,7
5051,2
5052,7
5053,0
5054,7
5055,5
5056,2
5057,0
5058,7
5059,4
5060,0
5061,6
5062,4
5063,0
5064,6
5065,1
5066,2
5067,0
5068,1
5069,4
5070,4
5071,9
5072,1
5073,0
5074,7
5075,2
5076,7
5077,7
5078,3
5079,9
5080,9
5081,0
5082,5
5083,4
5084,4
5085,2
5086,8
5087,3
5088,5
5089,9
5090,9
5091,9
5092,7
5093,5
5094,1
5095,5
5096,1
5097,0
5098,8
5099,1
5100,1
5101,0
5102,1
5103,3
5104,8
5105,1
5106,8
5107,2
5108,1
5109,8
5110,3
5111,0
5112,8
5113,8
5114,2
5115,8
5116,2
5117,0
5118,4
5119,5
5120,2
5121,8
5122,0
5123,1
5124,4
5125,1
5126,8
5127,0
5128,5
5129,2
5130,1
5131,1
5132,9
5133,4
5134,3
5135,8
5136,2
5137,3
5138,3
5139,2
5140,2
5141,9
5142,3
5143,6
5144,7
5145,7
5146,8
5147,3
5148,4
5149,6
5150,8
5151,5
5152,7
5153,5
5154,1
5155,7
5156,3
5157,3
5158,2
5159,8
5160,2
5161,1
5162,9
5163,4
5164,9
5165,5
5166,4
5167,1
5168,9
5169,0
5170,4
5171,2
5172,1
5173,3
5174,7
5175,3
5176,8
5177,1
5178,1
5179,8
5180,1
5181,8
5182,2
5183,9
5184,4
5185,4
5186,4
5187,7
5188,4
5189,9
5190,8
5191,7
5192,5
5193,4
5194,0
5195,1
5196,3
5197,3
5198,7
5199,7
5200,0
5201,7
5202,5
5203,1
5204,0
5205,7
5206,9
5207,5
5208,4
5209,9
5210,3
5211,3
5212,1
5213,3
5214,1
5215,7
5216,2
5217,4
5218,7
5219,2
5220,4
5221,6
5222,0
5223,6
5224,7
5225,2
5226,5
5227,7
5228,6
5229,8
5230,5
5231,1
5232,0
5233,1
5234,7
5235,4
5236,6
5237,1
5238,7
5239,0
5240,9
5241,4
5242,2
5243,7
5244,3
5245,4
5246,7
5247,8
5248,4
5249,9
5250,7
5251,6
5252,3
5253,0
5254,8
5255,7
5256,6
5257,4
5258,4
5259,7
5260,0
5261,7
5262,9
5263,4
5264,5
5265,3
5266,7
5267,6
5268,7
5269,4
5270,8
5271,9
5272,1
5273,6
5274,1
5275,4
5276,8
5277,6
5278,5
5279,0
5280,4
5281,2
5282,4
5283,0
5284,2
5285,0
5286,7
5287,5
5288,4
5289,2
5290,8
5291,0
5292,2
5293,2
5294,1
5295,3
5296,8
5297,5
5298,9
5299,7
5300,5
5301,7
5302,9
5303,6
5304,2
5305,9
5306,8
5307,1
5308,4
5309,3
5310,2
5311,6
5312,0
5313,1
5314,2
5315,8
5316,2
5317,2
5318,3
5319,2
5320,4
5321,6
5322,5
5323,3
5324,8
5325,1
5326,2
5327,2
5328,5
5329,2
5330,0
5331,6
5332,0
5333,7
5334,9
5335,0
5336,1
5337,8
5338,4
5339,5
5340,8
5341,2
5342,3
5343,3
5344,8
5345,0
5346,1
5347,0
5348,6
5349,7
5350,1
5351,6
5352,2
5353,0
5354,5
5355,3
5356,7
5357,8
5358,0
5359,4
5360,8
5361,2
5362,6
5363,6
5364,0
5365,7
5366,8
5367,2
5368,1
5369,2
5370,2
5371,2
5372,2
5373,6
5374,6
5375,4
5376,1
5377,4
5378,6
5379,1
5380,8
5381,7
5382,2
5383,6
5384,6
5385,5
5386,9
5387,7
5388,8
5389,8
5390,2
5391,3
5392,3
5393,8
5394,4
5395,2
5396,7
5397,6
5398,9
5399,8
5400,4
5401,0
5402,0
5403,6
5404,6
5405,3
5406,1
5407,0
5408,0
5409,3
5410,6
5411,0
5412,1
5413,6
5414,7
5415,0
5416,7
5417,4
5418,0
5419,4
5420,5
5421,4
5422,8
5423,3
5424,1
5425,5
5426,0
5427,3
5428,8
5429,5
5430,3
5431,3
5432,8
5433,1
5434,7
5435,3
5436,7
5437,2
5438,8
5439,7
5440,5
5441,7
5442,3
5443,1
5444,7
5445,1
5446,4
5447,5
5448,7
5449,6
5450,0
5451,4
5452,3
5453,7
5454,7
5455,5
5456,5
5457,2
5458,0
5459,7
5460,1
5461,1
5462,3
5463,7
5464,4
5465,0
5466,6
5467,3
5468,9
5469,2
5470,2
5471,7
5472,4
5473,6
5474,6
5475,6
5476,0
5477,3
5478,0
5479,1
5480,4
5481,4
5482,1
5483,4
5484,2
5485,1
5486,2
5487,7
5488,5
5489,0
5490,2
5491,8
5492,8
5493,9
5494,3
5495,2
5496,1
5497,3
5498,1
5499,5
5500,9
5501,1
5502,9
5503,8
5504,7
5505,3
5506,8
5507,3
5508,2
5509,8
5510,6
5511,6
5512,8
5513,6
5514,0
5515,9
5516,4
5517,1
5518,3
5519,9
5520,0
5521,3
5522,5
5523,7
5524,1
5525,1
5526,9
5527,8
5528,8
5529,8
5530,4
5531,8
5532,6
5533,7
5534,2
5535,9
5536,8
5537,7
5538,2
5539,2
5540,3
5541,7
5542,3
5543,2
5544,9
5545,5
5546,2
5547,4
5548,4
5549,2
5550,0
5551,8
5552,9
5553,8
5554,2
5555,4
5556,1
5557,3
5558,6
5559,3
5560,1
5561,4
5562,9
5563,1
5564,8
5565,5
5566,1
5567,5
5568,7
5569,3
5570,4
5571,7
5572,6
5573,9
5574,6
5575,7
5576,6
5577,3
5578,7
5579,8
5580,0
5581,7
5582,9
5583,4
5584,4
5585,5
5586,3
5587,8
5588,7
5589,1
5590,3
5591,0
5592,9
5593,3
5594,1
5595,7
5596,5
5597,2
5598,3
5599,1
5600,5
5601,7
5602,9
5603,3
5604,8
5605,9
5606,1
5607,9
5608,1
5609,1
5610,8
5611,0
5612,2
5613,6
5614,5
5615,4
5616,3
5617,4
5618,5
5619,8
5620,5
5621,1
5622,0
5623,0
5624,1
5625,9
5626,0
5627,4
5628,1
5629,7
5630,8
5631,0
5632,6
5633,6
5634,4
5635,0
5636,6
5637,2
5638,7
5639,3
5640,0
5641,4
5642,3
5643,4
5644,3
5645,8
5646,8
5647,7
5648,8
5649,7
5650,4
5651,3
5652,3
5653,0
5654,7
5655,1
5656,8
5657,1
5658,0
5659,2
5660,2
5661,3
5662,9
5663,7
5664,0
5665,8
5666,9
5667,5
5668,6
5669,6
5670,2
5671,3
5672,4
5673,0
5674,7
5675,1
5676,5
5677,3
5678,3
5679,5
5680,3
5681,0
5682,6
5683,8
5684,7
5685,9
5686,7
5687,5
5688,3
5689,0
5690,7
5691,8
5692,2
5693,0
5694,8
5695,9
5696,9
5697,5
5698,7
5699,5
5700,7
5701,4
5702,9
5703,5
5704,3
5705,9
5706,3
5707,3
5708,1
5709,8
5710,9
5711,6
5712,7
5713,8
5714,3
5715,4
5716,9
5717,9
5718,0
5719,6
5720,9
5721,3
5722,2
5723,6
5724,8
5725,6
5726,1
5727,6
5728,9
5729,0
5730,7
5731,1
5732,6
5733,4
5734,1
5735,3
5736,0
5737,7
5738,5
5739,1
5740,4
5741,5
5742,9
5743,7
5744,6
5745,9
5746,2
5747,9
5748,6
5749,2
5750,5
5751,2
5752,9
5753,1
5754,3
5755,6
5756,4
5757,7
5758,9
5759,6
5760,9
5761,3
5762,3
5763,7
5764,9
5765,9
5766,0
5767,8
5768,7
5769,4
5770,7
5771,2
5772,7
5773,3
5774,3
5775,3
5776,5
5777,2
5778,9
5779,6
5780,7
5781,8
5782,8
5783,8
5784,5
5785,7
5786,2
5787,1
5788,1
5789,9
5790,6
5791,8
5792,1
5793,7
5794,7
5795,3
5796,1
5797,9
5798,6
5799,9
5800,2
5801,5
5802,0
5803,0
5804,2
5805,7
5806,5
5807,6
5808,5
5809,2
5810,9
5811,5
5812,1
5813,8
5814,8
5815,9
5816,0
5817,5
5818,8
5819,5
5820,5
5821,1
5822,6
5823,2
5824,7
5825,8
5826,3
5827,2
5828,6
5829,6
5830,2
5831,0
5832,2
5833,9
5834,2
5835,7
5836,9
5837,0
5838,4
5839,6
5840,9
5841,4
5842,7
5843,6
5844,1
5845,2
5846,9
5847,1
5848,3
5849,7
5850,9
5851,8
5852,5
5853,0
5854,2
5855,3
5856,6
5857,8
5858,6
5859,4
5860,6
5861,4
5862,8
5863,5
5864,9
5865,8
5866,3
5867,0
5868,8
5869,7
5870,6
5871,7
5872,9
5873,3
5874,1
5875,1
5876,0
5877,6
5878,3
5879,2
5880,3
5881,9
5882,2
5883,9
5884,6
5885,3
5886,6
5887,1
5888,0
5889,2
5890,5
5891,7
5892,9
5893,8
5894,1
5895,5
5896,1
5897,0
5898,6
5899,0
5900,6
5901,9
5902,0
5903,4
5904,4
5905,3
5906,3
5907,6
5908,7
5909,1
5910,2
5911,0
5912,7
5913,9
5914,6
5915,3
5916,7
5917,0
5918,3
5919,2
5920,9
5921,4
5922,2
5923,5
5924,3
5925,4
5926,2
5927,4
5928,9
5929,8
5930,8
5931,5
5932,8
5933,6
5934,5
5935,8
5936,7
5937,9
5938,7
5939,5
5940,6
5941,2
5942,1
5943,2
5944,9
5945,7
5946,1
5947,2
5948,2
5949,9
5950,3
5951,5
5952,6
5953,4
5954,8
5955,6
5956,4
5957,6
5958,2
5959,4
5960,2
5961,2
5962,5
5963,5
5964,6
5965,4
5966,5
5967,3
5968,1
5969,6
5970,7
5971,8
5972,2
5973,1
5974,4
5975,1
5976,9
5977,4
5978,6
5979,1
5980,2
5981,3
5982,9
5983,7
5984,2
5985,6
5986,3
5987,6
5988,3
5989,9
5990,1
5991,4
5992,3
5993,4
5994,7
5995,0
5996,7
5997,9
5998,1
5999,0
6000,4
6001,5
6002,9
6003,5
6004,5
6005,9
6006,6
6007,6
6008,4
6009,1
6010,3
6011,9
6012,4
6013,8
6014,5
6015,5
6016,4
6017,1
6018,0
6019,9
6020,2
6021,2
6022,5
6023,4
6024,8
6025,5
6026,0
6027,0
6028,8
6029,7
6030,5
6031,5
6032,5
6033,6
6034,9
6035,5
6036,6
6037,5
6038,2
6039,8
6040,1
6041,6
6042,0
6043,1
6044,6
6045,3
6046,2
6047,6
6048,7
6049,7
6050,5
6051,1
6052,1
6053,8
6054,4
6055,0
6056,5
6057,6
6058,9
6059,2
6060,8
6061,8
6062,7
6063,9
6064,2
6065,3
6066,2
6067,0
6068,1
6069,0
6070,5
6071,1
6072,1
6073,0
6074,2
6075,4
6076,2
6077,7
6078,0
6079,8
6080,7
6081,2
6082,8
6083,2
6084,3
6085,8
6086,9
6087,6
6088,9
6089,5
6090,3
6091,1
6092,2
6093,6
6094,8
6095,1
6096,6
6097,7
6098,3
6099,7
6100,9
6101,6
6102,2
6103,8
6104,4
6105,9
6106,5
6107,3
6108,5
6109,5
6110,2
6111,1
6112,0
6113,6
6114,1
6115,1
6116,5
6117,4
6118,3
6119,9
6120,9
6121,3
6122,6
6123,1
6124,7
6125,8
6126,5
6127,6
6128,7
6129,7
6130,0
6131,1
6132,7
6133,1
6134,3
6135,0
6136,7
6137,6
6138,5
6139,9
6140,5
6141,4
6142,7
6143,0
6144,0
6145,7
6146,8
6147,6
6148,6
6149,1
6150,3
6151,8
6152,0
6153,9
6154,8
6155,2
6156,6
6157,7
6158,6
6159,1
6160,4
6161,1
6162,8
6163,4
6164,3
6165,6
6166,8
6167,5
6168,3
6169,9
6170,6
6171,5
6172,0
6173,5
6174,9
6175,4
6176,6
6177,9
6178,3
6179,9
6180,3
6181,0
6182,3
6183,3
6184,2
6185,2
6186,8
6187,1
6188,5
6189,8
6190,9
6191,1
6192,2
6193,0
6194,6
6195,0
6196,6
6197,5
6198,0
6199,6
6200,5
6201,0
6202,7
6203,1
6204,1
6205,0
6206,7
6207,5
6208,8
6209,1
6210,1
6211,3
6212,5
6213,3
6214,9
6215,0
6216,3
6217,7
6218,4
6219,8
6220,6
6221,9
6222,3
6223,8
6224,8
6225,2
6226,1
6227,9
6228,8
6229,6
6230,9
6231,0
6232,7
6233,1
6234,4
6235,7
6236,0
6237,2
6238,4
6239,5
6240,4
6241,7
6242,0
6243,3
6244,6
6245,2
6246,7
6247,4
6248,1
6249,3
6250,3
6251,9
6252,2
6253,4
6254,9
6255,9
6256,4
6257,0
6258,1
6259,1
6260,7
6261,3
6262,1
6263,8
6264,9
6265,4
6266,4
6267,7
6268,2
6269,1
6270,0
6271,1
6272,1
6273,4
6274,5
6275,4
6276,0
6277,5
6278,8
6279,7
6280,4
6281,7
6282,8
6283,1
6284,3
6285,8
6286,0
6287,5
6288,0
6289,8
6290,1
6291,9
6292,8
6293,2
6294,2
6295,3
6296,1
6297,3
6298,9
6299,9
6300,4
6301,1
6302,9
6303,0
6304,3
6305,9
6306,0
6307,5
6308,3
6309,2
6310,3
6311,3
6312,0
6313,1
6314,1
6315,0
6316,7
6317,1
6318,2
6319,4
6320,0
6321,3
6322,0
6323,5
6324,8
6325,8
6326,7
6327,3
6328,8
6329,1
6330,9
6331,1
6332,2
6333,7
6334,6
6335,0
6336,4
6337,0
6338,1
6339,8
6340,3
6341,1
6342,4
6343,9
6344,1
6345,0
6346,7
6347,7
6348,0
6349,3
6350,6
6351,5
6352,1
6353,1
6354,7
6355,3
6356,5
6357,9
6358,2
6359,9
6360,9
6361,3
6362,8
6363,0
6364,7
6365,5
6366,0
6367,3
6368,4
6369,4
6370,9
6371,9
6372,7
6373,1
6374,0
6375,1
6376,1
6377,6
6378,3
6379,0
6380,3
6381,2
6382,6
6383,3
6384,8
6385,9
6386,8
6387,2
6388,6
6389,6
6390,3
6391,6
6392,2
6393,0
6394,9
6395,6
6396,0
6397,6
6398,4
6399,1
6400,1
6401,5
6402,7
6403,1
6404,5
6405,6
6406,3
6407,6
6408,3
6409,3
6410,4
6411,1
6412,7
6413,8
6414,1
6415,7
6416,8
6417,2
6418,0
6419,2
6420,6
6421,2
6422,4
6423,2
6424,0
6425,7
6426,4
6427,7
6428,8
6429,7
6430,3
6431,1
6432,6
6433,0
6434,6
6435,7
6436,4
6437,9
6438,7
6439,7
6440,9
6441,0
6442,0
6443,2
6444,4
6445,7
6446,9
6447,2
6448,6
6449,2
6450,5
6451,1
6452,9
6453,3
6454,3
6455,5
6456,4
6457,4
6458,2
6459,0
6460,1
6461,9
6462,2
6463,2
6464,2
6465,5
6466,5
6467,8
6468,0
6469,8
6470,8
6471,1
6472,1
6473,1
6474,1
6475,0
6476,8
6477,0
6478,4
6479,3
6480,9
6481,2
6482,5
6483,9
6484,0
6485,7
6486,0
6487,5
6488,3
6489,2
6490,4
6491,1
6492,1
6493,4
6494,5
6495,6
6496,6
6497,7
6498,1
6499,3
6500,4
6501,8
6502,4
6503,6
6504,4
6505,0
6506,0
6507,0
6508,8
6509,6
6510,6
6511,6
6512,9
6513,0
6514,6
6515,2
6516,7
6517,1
6518,7
6519,5
6520,0
6521,6
6522,1
6523,9
6524,5
6525,4
6526,5
6527,3
6528,0
6529,2
6530,6
6531,2
6532,2
6533,8
6534,1
6535,2
6536,7
6537,8
6538,5
6539,7
6540,4
6541,1
6542,6
6543,7
6544,3
6545,0
6546,9
6547,8
6548,5
6549,8
6550,6
6551,1
6552,8
6553,7
6554,6
6555,3
6556,3
6557,6
6558,1
6559,9
6560,1
6561,3
6562,2
6563,2
6564,1
6565,6
6566,7
6567,5
6568,9
6569,1
6570,5
6571,4
6572,5
6573,0
6574,8
6575,1
6576,7
6577,9
6578,1
6579,2
6580,5
6581,2
6582,8
6583,4
6584,6
6585,7
6586,4
6587,0
6588,4
6589,1
6590,9
6591,5
6592,1
6593,7
6594,9
6595,8
6596,8
6597,0
6598,6
6599,4
6600,4
6601,3
6602,4
6603,7
6604,4
6605,6
6606,3
6607,0
6608,3
6609,6
6610,1
6611,1
6612,2
6613,9
6614,0
6615,2
6616,4
6617,3
6618,5
6619,0
6620,6
6621,7
6622,3
6623,3
6624,4
6625,1
6626,4
6627,5
6628,8
6629,1
6630,8
6631,6
6632,0
6633,4
6634,7
6635,2
6636,3
6637,9
6638,5
6639,0
6640,5
6641,2
6642,3
6643,4
6644,9
6645,2
6646,3
6647,7
6648,7
6649,7
6650,3
6651,3
6652,7
6653,6
6654,1
6655,4
6656,2
6657,8
6658,2
6659,5
6660,3
6661,2
6662,9
6663,2
6664,7
6665,7
6666,1
6667,6
6668,5
6669,9
6670,6
6671,4
6672,6
6673,0
6674,0
6675,4
6676,4
6677,3
6678,2
6679,1
6680,2
6681,3
6682,1
6683,0
6684,5
6685,4
6686,1
6687,2
6688,1
6689,5
6690,2
6691,6
6692,0
6693,8
6694,5
6695,7
6696,2
6697,4
6698,5
6699,0
6700,3
6701,1
6702,6
6703,5
6704,8
6705,4
6706,6
6707,1
6708,3
6709,9
6710,0
6711,7
6712,1
6713,4
6714,8
6715,8
6716,8
6717,1
6718,4
6719,7
6720,3
6721,8
6722,9
6723,6
6724,0
6725,8
6726,1
6727,5
6728,7
6729,2
6730,1
6731,4
6732,3
6733,1
6734,9
6735,4
6736,3
6737,8
6738,5
6739,0
6740,2
6741,4
6742,8
6743,7
6744,1
6745,6
6746,4
6747,3
6748,5
6749,4
6750,6
6751,1
6752,5
6753,0
6754,4
6755,7
6756,2
6757,8
6758,1
6759,6
6760,7
6761,1
6762,3
6763,2
6764,9
6765,9
6766,0
6767,4
6768,9
6769,1
6770,5
6771,7
6772,3
6773,6
6774,1
6775,0
6776,1
6777,0
6778,2
6779,6
6780,8
6781,7
6782,5
6783,1
6784,9
6785,3
6786,6
6787,0
6788,2
6789,7
6790,5
6791,4
6792,0
6793,5
6794,6
6795,4
6796,1
6797,7
6798,2
6799,6
6800,4
6801,0
6802,8
6803,5
6804,6
6805,7
6806,1
6807,1
6808,8
6809,2
6810,2
6811,3
6812,4
6813,4
6814,4
6815,0
6816,0
6817,5
6818,8
6819,0
6820,6
6821,5
6822,1
6823,1
6824,3
6825,0
6826,8
6827,8
6828,1
6829,4
6830,9
6831,4
6832,6
6833,2
6834,1
6835,1
6836,2
6837,5
6838,4
6839,1
6840,8
6841,3
6842,4
6843,1
6844,2
6845,5
6846,2
6847,5
6848,6
6849,2
6850,4
6851,6
6852,8
6853,2
6854,7
6855,0
6856,6
6857,8
6858,8
6859,5
6860,8
6861,8
6862,7
6863,5
6864,5
6865,3
6866,3
6867,7
6868,1
6869,4
6870,9
6871,9
6872,9
6873,1
6874,1
6875,7
6876,7
6877,3
6878,9
6879,9
6880,5
6881,7
6882,8
6883,0
6884,5
6885,9
6886,7
6887,9
6888,6
6889,5
6890,2
6891,7
6892,0
6893,3
6894,8
6895,4
6896,6
6897,2
6898,4
6899,5
6900,5
6901,5
6902,5
6903,5
6904,8
6905,7
6906,5
6907,7
6908,6
6909,6
6910,0
6911,2
6912,0
6913,7
6914,1
6915,0
6916,2
6917,1
6918,7
6919,4
6920,8
6921,0
6922,7
6923,6
6924,6
6925,5
6926,3
6927,4
6928,2
6929,0
6930,8
6931,5
6932,3
6933,3
6934,8
6935,7
6936,4
6937,3
6938,6
6939,8
6940,4
6941,1
6942,1
6943,2
6944,0
6945,8
6946,4
6947,1
6948,5
6949,1
6950,1
6951,0
6952,7
6953,7
6954,1
6955,9
6956,4
6957,3
6958,1
6959,9
6960,9
6961,3
6962,0
6963,2
6964,5
6965,6
6966,2
6967,5
6968,9
6969,4
6970,6
6971,8
6972,2
6973,7
6974,6
6975,7
6976,2
6977,0
6978,1
6979,5
6980,2
6981,1
6982,6
6983,2
6984,2
6985,8
6986,9
6987,2
6988,6
6989,9
6990,6
6991,8
6992,3
6993,8
6994,8
6995,2
6996,9
6997,4
6998,1
6999,8
7000,9
7001,7
7002,4
7003,0
7004,1
7005,8
7006,3
7007,7
7008,0
7009,5
7010,8
7011,6
7012,6
7013,8
7014,7
7015,6
7016,5
7017,8
7018,8
7019,1
7020,2
7021,9
7022,0
7023,2
7024,9
7025,0
7026,9
7027,6
7028,5
7029,6
7030,6
7031,1
7032,5
7033,6
7034,5
7035,8
7036,8
7037,4
7038,2
7039,5
7040,1
7041,4
7042,5
7043,8
7044,5
7045,2
7046,3
7047,8
7048,8
7049,4
7050,7
7051,3
7052,5
7053,2
7054,4
7055,9
7056,1
7057,8
7058,3
7059,7
7060,2
7061,9
7062,2
7063,6
7064,2
7065,5
7066,3
7067,2
7068,0
7069,9
7070,3
7071,9
7072,9
7073,8
7074,2
7075,0
7076,7
7077,9
7078,4
7079,0
7080,7
7081,7
7082,7
7083,8
7084,4
7085,7
7086,2
7087,3
7088,4
7089,2
7090,8
7091,9
7092,9
7093,8
7094,1
7095,1
7096,4
7097,4
7098,3
7099,9
7100,0
7101,1
7102,5
7103,0
7104,4
7105,7
7106,1
7107,9
7108,2
7109,9
7110,6
7111,3
7112,6
7113,4
7114,8
7115,3
7116,4
7117,2
7118,2
7119,1
7120,8
7121,4
7122,1
7123,5
7124,8
7125,9
7126,7
7127,8
7128,5
7129,6
7130,4
7131,6
7132,2
7133,0
7134,1
7135,3
7136,3
7137,0
7138,2
7139,3
7140,8
7141,9
7142,6
7143,5
7144,0
7145,2
7146,2
7147,2
7148,1
7149,5
7150,4
7151,0
7152,1
7153,2
7154,1
7155,9
7156,7
7157,8
7158,4
7159,3
7160,8
7161,9
7162,8
7163,3
7164,5
7165,6
7166,0
7167,1
7168,2
7169,9
7170,9
7171,4
7172,1
7173,5
7174,3
7175,8
7176,9
7177,1
7178,1
7179,3
7180,3
7181,8
7182,8
7183,7
7184,8
7185,1
7186,7
7187,6
7188,1
7189,3
7190,8
7191,8
7192,5
7193,2
7194,4
7195,2
7196,8
7197,2
7198,5
7199,7
7200,6
7201,2
7202,3
7203,3
7204,2
7205,1
7206,1
7207,3
7208,3
7209,4
7210,4
7211,5
7212,4
7213,2
7214,0
7215,4
7216,6
7217,3
7218,3
7219,1
7220,3
7221,4
7222,8
7223,8
7224,2
7225,7
7226,1
7227,4
7228,6
7229,9
7230,9
7231,9
7232,5
7233,9
7234,8
7235,5
7236,4
7237,4
7238,7
7239,8
7240,2
7241,4
7242,1
7243,2
7244,2
7245,7
7246,8
7247,7
7248,5
7249,3
7250,5
7251,4
7252,7
7253,5
7254,7
7255,9
7256,7
7257,8
7258,0
7259,4
7260,6
7261,7
7262,1
7263,9
7264,8
7265,4
7266,0
7267,9
7268,8
7269,0
7270,4
7271,4
7272,6
7273,1
7274,1
7275,6
7276,0
7277,0
7278,6
7279,4
7280,9
7281,0
7282,7
7283,8
7284,9
7285,7
7286,6
7287,6
7288,3
7289,7
7290,5
7291,2
7292,3
7293,0
7294,4
7295,1
7296,5
7297,3
7298,2
7299,2
7300,5
7301,5
7302,1
7303,9
7304,7
7305,4
7306,2
7307,8
7308,5
7309,0
7310,6
7311,8
7312,6
7313,6
7314,5
7315,7
7316,6
7317,8
7318,4
7319,0
7320,1
7321,7
7322,2
7323,0
7324,8
7325,7
7326,4
7327,8
7328,3
7329,1
7330,8
7331,4
7332,3
7333,6
7334,0
7335,1
7336,3
7337,9
7338,3
7339,9
7340,0
7341,7
7342,2
7343,8
7344,8
7345,9
7346,3
7347,1
7348,9
7349,8
7350,3
7351,8
7352,4
7353,6
7354,0
7355,4
7356,2
7357,4
7358,8
7359,7
7360,0
7361,0
7362,0
7363,3
7364,7
7365,8
7366,5
7367,5
7368,5
7369,4
7370,2
7371,1
7372,9
7373,7
7374,0
7375,9
7376,8
7377,1
7378,1
7379,5
7380,6
7381,4
7382,5
7383,5
7384,3
7385,1
7386,3
7387,0
7388,8
7389,5
7390,9
7391,7
7392,1
7393,0
7394,1
7395,9
7396,8
7397,4
7398,3
7399,6
7400,1
7401,1
7402,8
7403,3
7404,9
7405,7
7406,0
7407,0
7408,9
7409,2
7410,7
7411,8
7412,8
7413,6
7414,0
7415,8
7416,5
7417,8
7418,8
7419,4
7420,8
7421,2
7422,4
7423,8
7424,8
7425,9
7426,5
7427,9
7428,7
7429,0
7430,0
7431,3
7432,5
7433,6
7434,1
7435,8
7436,3
7437,7
7438,0
7439,1
7440,7
7441,0
7442,8
7443,2
7444,0
7445,5
7446,8
7447,1
7448,0
7449,3
7450,0
7451,0
7452,2
7453,2
7454,8
7455,5
7456,4
7457,1
7458,4
7459,6
7460,4
7461,6
7462,9
7463,1
7464,4
7465,2
7466,2
7467,3
7468,1
7469,6
7470,6
7471,8
7472,1
7473,0
7474,1
7475,8
7476,8
7477,7
7478,9
7479,3
7480,4
7481,6
7482,2
7483,9
7484,0
7485,3
7486,0
7487,2
7488,3
7489,9
7490,4
7491,7
7492,7
7493,7
7494,9
7495,6
7496,9
7497,4
7498,5
7499,7
7500,5
7501,8
7502,3
7503,8
7504,0
7505,6
7506,9
7507,5
7508,5
7509,2
7510,9
7511,1
7512,7
7513,1
7514,4
7515,0
7516,5
7517,9
7518,0
7519,9
7520,9
7521,5
7522,9
7523,4
7524,4
7525,1
7526,2
7527,7
7528,8
7529,3
7530,2
7531,2
7532,1
7533,0
7534,7
7535,4
7536,9
7537,1
7538,4
7539,8
7540,7
7541,9
7542,5
7543,5
7544,4
7545,2
7546,8
7547,0
7548,1
7549,9
7550,1
7551,4
7552,8
7553,7
7554,3
7555,8
7556,1
7557,7
7558,8
7559,6
7560,2
7561,0
7562,8
7563,4
7564,0
7565,4
7566,6
7567,0
7568,0
7569,2
7570,1
7571,1
7572,2
7573,0
7574,6
7575,5
7576,9
7577,7
7578,0
7579,0
7580,0
7581,7
7582,9
7583,0
7584,4
7585,7
7586,9
7587,5
7588,0
7589,1
7590,7
7591,2
7592,7
7593,4
7594,1
7595,2
7596,4
7597,7
7598,2
7599,5
7600,8
7601,7
7602,8
7603,2
7604,9
7605,6
7606,7
7607,3
7608,6
7609,2
7610,5
7611,8
7612,5
7613,5
7614,8
7615,0
7616,0
7617,2
7618,8
7619,8
7620,6
7621,3
7622,4
7623,9
7624,1
7625,0
7626,4
7627,4
7628,7
7629,5
7630,4
7631,4
7632,8
7633,9
7634,1
7635,8
7636,3
7637,9
7638,4
7639,4
7640,4
7641,7
7642,3
7643,4
7644,1
7645,7
7646,4
7647,3
7648,2
7649,1
7650,0
7651,4
7652,6
7653,4
7654,6
7655,4
7656,0
7657,1
7658,8
7659,2
7660,9
7661,4
7662,1
7663,0
7664,4
7665,0
7666,1
7667,3
7668,0
7669,1
7670,2
7671,5
7672,6
7673,2
7674,2
7675,7
7676,7
7677,4
7678,4
7679,0
7680,3
7681,4
7682,1
7683,1
7684,2
7685,6
7686,9
7687,9
7688,1
7689,7
7690,1
7691,8
7692,7
7693,5
7694,6
7695,2
7696,6
7697,4
7698,4
7699,0
7700,2
7701,0
7702,5
7703,4
7704,8
7705,2
7706,0
7707,1
7708,4
7709,5
7710,0
7711,1
7712,4
7713,2
7714,7
7715,0
7716,0
7717,0
7718,5
7719,3
7720,5
7721,1
7722,9
7723,1
7724,4
7725,0
7726,1
7727,9
7728,7
7729,5
7730,5
7731,0
7732,1
7733,0
7734,7
7735,3
7736,9
7737,2
7738,9
7739,6
7740,3
7741,1
7742,9
7743,0
7744,9
7745,1
7746,8
7747,3
7748,7
7749,5
7750,6
7751,0
7752,2
7753,6
7754,9
7755,1
7756,4
7757,4
7758,0
7759,0
7760,0
7761,3
7762,7
7763,0
7764,0
7765,3
7766,5
7767,6
7768,7
7769,2
7770,0
7771,7
7772,6
7773,6
7774,5
7775,1
7776,0
7777,3
7778,1
7779,2
7780,7
7781,3
7782,0
7783,2
7784,9
7785,0
7786,9
7787,0
7788,8
7789,4
7790,1
7791,8
7792,5
7793,2
7794,1
7795,1
7796,0
7797,5
7798,7
7799,1
7800,4
7801,0
7802,4
7803,7
7804,6
7805,3
7806,3
7807,1
7808,4
7809,3
7810,4
7811,4
7812,7
7813,9
7814,4
7815,1
7816,1
7817,4
7818,2
7819,0
7820,4
7821,1
7822,1
7823,5
7824,4
7825,1
7826,5
7827,8
7828,2
7829,2
7830,6
7831,8
7832,1
7833,3
7834,5
7835,3
7836,7
7837,1
7838,7
7839,2
7840,3
7841,3
7842,5
7843,8
7844,1
7845,2
7846,3
7847,6
7848,0
7849,4
7850,6
7851,3
7852,4
7853,2
7854,1
7855,8
7856,4
7857,4
7858,4
7859,2
7860,3
7861,5
7862,1
7863,1
7864,1
7865,4
7866,5
7867,1
7868,4
7869,1
7870,5
7871,3
7872,5
7873,1
7874,0
7875,0
7876,3
7877,5
7878,0
7879,2
7880,5
7881,0
7882,2
7883,6
7884,0
7885,5
7886,6
7887,1
7888,8
7889,6
7890,4
7891,9
7892,2
7893,4
7894,4
7895,7
7896,5
7897,6
7898,7
7899,8
7900,4
7901,8
7902,3
7903,4
7904,6
7905,9
7906,1
7907,8
7908,7
7909,0
7910,0
7911,8
7912,0
7913,4
7914,8
7915,1
7916,8
7917,0
7918,7
7919,3
7920,3
7921,8
7922,6
7923,2
7924,1
7925,1
7926,1
7927,6
7928,5
7929,9
7930,1
7931,0
7932,4
7933,5
7934,1
7935,7
7936,2
7937,4
7938,8
7939,1
7940,9
7941,5
7942,1
7943,0
7944,5
7945,0
7946,7
7947,6
7948,7
7949,1
7950,1
7951,5
7952,6
7953,7
7954,3
7955,8
7956,7
7957,6
7958,6
7959,2
7960,8
7961,1
7962,7
7963,7
7964,9
7965,8
7966,2
7967,6
7968,2
7969,9
7970,3
7971,0
7972,0
7973,6
7974,2
7975,1
7976,9
7977,2
7978,1
7979,3
7980,7
7981,2
7982,1
7983,7
7984,1
7985,0
7986,1
7987,3
7988,3
7989,1
7990,4
7991,3
7992,1
7993,1
7994,8
7995,6
7996,0
7997,0
7998,5
7999,0
8000,2
8001,9
8002,7
8003,3
8004,5
8005,2
8006,3
8007,9
8008,9
8009,6
8010,4
8011,8
8012,4
8013,6
8014,9
8015,7
8016,1
8017,7
8018,2
8019,3
8020,3
8021,4
8022,1
8023,1
8024,2
8025,1
8026,9
8027,8
8028,2
8029,0
8030,4
8031,0
8032,4
8033,6
8034,6
8035,0
8036,8
8037,6
8038,6
8039,8
8040,6
8041,0
8042,6
8043,5
8044,7
8045,8
8046,7
8047,8
8048,3
8049,5
8050,2
8051,8
8052,5
8053,0
8054,2
8055,4
8056,6
8057,8
8058,4
8059,4
8060,8
8061,4
8062,9
8063,3
8064,8
8065,0
8066,6
8067,0
8068,1
8069,6
8070,3
8071,1
8072,0
8073,9
8074,8
8075,5
8076,0
8077,1
8078,7
8079,3
8080,6
8081,0
8082,9
8083,4
8084,5
8085,7
8086,5
8087,3
8088,7
8089,0
8090,3
8091,3
8092,1
8093,8
8094,1
8095,0
8096,0
8097,7
8098,0
8099,6
8100,6
8101,0
8102,1
8103,0
8104,6
8105,7
8106,3
8107,3
8108,0
8109,9
8110,1
8111,9
8112,0
8113,0
8114,7
8115,9
8116,2
8117,4
8118,6
8119,6
8120,9
8121,5
8122,1
8123,2
8124,0
8125,4
8126,9
8127,3
8128,3
8129,5
8130,1
8131,0
8132,9
8133,7
8134,6
8135,2
8136,3
8137,7
8138,1
8139,3
8140,4
8141,1
8142,6
8143,6
8144,3
8145,4
8146,2
8147,9
8148,5
8149,9
8150,3
8151,9
8152,4
8153,7
8154,7
8155,2
8156,1
8157,7
8158,0
8159,0
8160,5
8161,1
8162,6
8163,4
8164,2
8165,4
8166,3
8167,6
8168,6
8169,8
8170,1
8171,5
8172,7
8173,9
8174,5
8175,2
8176,1
8177,7
8178,2
8179,7
8180,6
8181,1
8182,6
8183,1
8184,6
8185,1
8186,0
8187,9
8188,7
8189,1
8190,6
8191,4
8192,4
8193,8
8194,1
8195,9
8196,1
8197,5
8198,4
8199,6
8200,0
8201,3
8202,5
8203,2
8204,8
8205,6
8206,9
8207,8
8208,8
8209,2
8210,1
8211,8
8212,9
8213,9
8214,0
8215,4
8216,1
8217,7
8218,7
8219,3
8220,2
8221,7
8222,5
8223,3
8224,8
8225,3
8226,5
8227,5
8228,1
8229,2
8230,2
8231,1
8232,6
8233,5
8234,8
8235,2
8236,3
8237,6
8238,9
8239,1
8240,4
8241,5
8242,6
8243,4
8244,6
8245,8
8246,7
8247,5
8248,6
8249,8
8250,6
8251,5
8252,5
8253,6
8254,5
8255,4
8256,5
8257,4
8258,5
8259,1
8260,0
8261,3
8262,5
8263,8
8264,2
8265,3
8266,0
8267,1
8268,9
8269,4
8270,3
8271,2
8272,8
8273,8
8274,6
8275,8
8276,3
8277,7
8278,5
8279,5
8280,5
8281,7
8282,8
8283,9
8284,4
8285,7
8286,4
8287,4
8288,7
8289,8
8290,2
8291,2
8292,6
8293,3
8294,8
8295,7
8296,9
8297,8
8298,2
8299,2
8300,5
8301,6
8302,1
8303,2
8304,7
8305,0
8306,5
8307,0
8308,5
8309,7
8310,2
8311,0
8312,8
8313,3
8314,9
8315,6
8316,0
8317,3
8318,9
8319,2
8320,7
8321,6
8322,4
8323,1
8324,9
8325,6
8326,4
8327,4
8328,7
8329,6
8330,9
8331,3
8332,4
8333,6
8334,2
8335,7
8336,9
8337,3
8338,4
8339,1
8340,9
8341,7
8342,3
8343,7
8344,1
8345,1
8346,8
8347,1
8348,1
8349,7
8350,4
8351,1
8352,0
8353,6
8354,4
8355,1
8356,2
8357,2
8358,6
8359,7
8360,3
8361,9
8362,6
8363,1
8364,7
8365,5
8366,8
8367,7
8368,4
8369,3
8370,9
8371,6
8372,0
8373,9
8374,3
8375,3
8376,1
8377,0
8378,0
8379,6
8380,5
8381,0
8382,4
8383,1
8384,5
8385,7
8386,2
8387,1
8388,2
8389,0
8390,5
8391,2
8392,4
8393,6
8394,9
8395,6
8396,7
8397,1
8398,3
8399,9
8400,8
8401,9
8402,8
8403,5
8404,2
8405,1
8406,2
8407,3
8408,7
8409,8
8410,2
8411,4
8412,7
8413,0
8414,8
8415,8
8416,4
8417,7
8418,2
8419,9
8420,4
8421,1
8422,0
8423,2
8424,8
8425,6
8426,8
8427,2
8428,8
8429,0
8430,6
8431,1
8432,1
8433,0
8434,3
8435,2
8436,6
8437,1
8438,2
8439,5
8440,0
8441,6
8442,9
8443,0
8444,7
8445,3
8446,6
8447,9
8448,0
8449,0
8450,8
8451,1
8452,7
8453,6
8454,8
8455,6
8456,9
8457,0
8458,8
8459,0
8460,8
8461,5
8462,2
8463,1
8464,4
8465,6
8466,0
8467,2
8468,5
8469,6
8470,6
8471,0
8472,4
8473,2
8474,7
8475,6
8476,3
8477,2
8478,2
8479,3
8480,2
8481,7
8482,9
8483,7
8484,2
8485,1
8486,3
8487,4
8488,9
8489,6
8490,2
8491,6
8492,6
8493,7
8494,5
8495,1
8496,1
8497,1
8498,5
8499,6
8500,9
8501,1
8502,1
8503,6
8504,0
8505,4
8506,9
8507,6
8508,3
8509,3
8510,4
8511,6
8512,0
8513,1
8514,5
8515,3
8516,9
8517,7
8518,2
8519,4
8520,1
8521,2
8522,3
8523,7
8524,1
8525,1
8526,7
8527,6
8528,4
8529,3
8530,7
8531,7
8532,3
8533,6
8534,2
8535,6
8536,7
8537,0
8538,1
8539,5
8540,6
8541,0
8542,3
8543,6
8544,2
8545,4
8546,3
8547,1
8548,5
8549,5
8550,5
8551,7
8552,8
8553,0
8554,2
8555,0
8556,6
8557,0
8558,1
8559,0
8560,9
8561,1
8562,8
8563,4
8564,7
8565,9
8566,9
8567,4
8568,3
8569,6
8570,2
8571,1
8572,2
8573,6
8574,4
8575,4
8576,4
8577,6
8578,7
8579,9
8580,5
8581,1
8582,8
8583,7
8584,6
8585,0
8586,0
8587,1
8588,8
8589,7
8590,1
8591,8
8592,7
8593,1
8594,7
8595,4
8596,0
8597,4
8598,6
8599,8
8600,4
8601,6
8602,8
8603,7
8604,6
8605,2
8606,4
8607,4
8608,4
8609,0
8610,6
8611,7
8612,6
8613,5
8614,5
8615,6
8616,8
8617,0
8618,1
8619,2
8620,2
8621,1
8622,7
8623,3
8624,4
8625,8
8626,9
8627,0
8628,0
8629,8
8630,4
8631,1
8632,6
8633,8
8634,3
8635,9
8636,9
8637,7
8638,6
8639,1
8640,4
8641,6
8642,1
8643,7
8644,0
8645,8
8646,4
8647,2
8648,7
8649,5
8650,7
8651,8
8652,1
8653,3
8654,6
8655,0
8656,4
8657,8
8658,8
8659,4
8660,1
8661,0
8662,4
8663,9
8664,6
8665,2
8666,6
8667,0
8668,4
8669,8
8670,6
8671,5
8672,9
8673,7
8674,4
8675,2
8676,2
8677,1
8678,0
8679,1
8680,9
8681,1
8682,7
8683,1
8684,5
8685,1
8686,7
8687,7
8688,8
8689,9
8690,2
8691,3
8692,2
8693,4
8694,9
8695,3
8696,1
8697,7
8698,7
8699,4
8700,6
8701,7
8702,1
8703,7
8704,0
8705,7
8706,4
8707,5
8708,8
8709,9
8710,9
8711,3
8712,5
8713,4
8714,4
8715,3
8716,3
8717,1
8718,5
8719,8
8720,4
8721,8
8722,5
8723,8
8724,3
8725,4
8726,3
8727,2
8728,6
8729,6
8730,7
8731,9
8732,3
8733,7
8734,1
8735,9
8736,5
8737,7
8738,6
8739,3
8740,1
8741,2
8742,4
8743,7
8744,6
8745,3
8746,9
8747,9
8748,7
8749,5
8750,1
8751,7
8752,8
8753,6
8754,1
8755,1
8756,2
8757,9
8758,9
8759,1
8760,7
8761,6
8762,2
8763,5
8764,5
8765,2
8766,9
8767,7
8768,6
8769,2
8770,7
8771,9
8772,3
8773,2
8774,1
8775,9
8776,9
8777,7
8778,2
8779,0
8780,1
8781,2
8782,9
8783,8
8784,4
8785,7
8786,1
8787,6
8788,7
8789,7
8790,3
8791,1
8792,2
8793,6
8794,2
8795,2
8796,1
8797,6
8798,0
8799,0
8800,5
8801,8
8802,3
8803,0
8804,4
8805,8
8806,2
8807,9
8808,4
8809,4
8810,7
8811,6
8812,6
8813,1
8814,8
8815,3
8816,8
8817,2
8818,8
8819,5
8820,7
8821,3
8822,8
8823,6
8824,1
8825,2
8826,4
8827,1
8828,1
8829,6
8830,1
8831,7
8832,2
8833,3
8834,9
8835,7
8836,3
8837,2
8838,4
8839,0
8840,9
8841,7
8842,4
8843,4
8844,7
8845,5
8846,2
8847,6
8848,3
8849,8
8850,9
8851,6
8852,1
8853,8
8854,2
8855,8
8856,3
8857,3
8858,6
8859,3
8860,7
8861,8
8862,9
8863,4
8864,5
8865,3
8866,4
8867,9
8868,3
8869,7
8870,8
8871,4
8872,5
8873,3
8874,4
8875,4
8876,7
8877,6
8878,6
8879,0
8880,5
8881,2
8882,1
8883,7
8884,3
8885,4
8886,2
8887,0
8888,3
8889,0
8890,4
8891,6
8892,6
8893,8
8894,6
8895,6
8896,8
8897,8
8898,4
8899,5
8900,4
8901,6
8902,1
8903,4
8904,6
8905,3
8906,7
8907,4
8908,8
8909,4
8910,0
8911,4
8912,6
8913,3
8914,9
8915,2
8916,7
8917,5
8918,7
8919,8
8920,1
8921,7
8922,1
8923,9
8924,2
8925,4
8926,2
8927,9
8928,6
8929,9
8930,2
8931,0
8932,3
8933,9
8934,8
8935,8
8936,7
8937,2
8938,4
8939,4
8940,5
8941,7
8942,7
8943,8
8944,1
8945,7
8946,4
8947,1
8948,0
8949,9
8950,9
8951,6
8952,0
8953,3
8954,0
8955,1
8956,3
8957,3
8958,9
8959,1
8960,3
8961,0
8962,6
8963,6
8964,4
8965,7
8966,9
8967,0
8968,7
8969,0
8970,4
8971,5
8972,7
8973,5
8974,0
8975,6
8976,1
8977,6
8978,0
8979,5
8980,3
8981,3
8982,4
8983,1
8984,1
8985,2
8986,1
8987,0
8988,5
8989,8
8990,2
8991,4
8992,0
8993,0
8994,3
8995,0
8996,7
8997,5
8998,6
8999,8
9000,8
9001,8
9002,3
9003,9
9004,3
9005,8
9006,4
9007,7
9008,3
9009,3
9010,6
9011,5
9012,4
9013,5
9014,3
9015,7
9016,4
9017,1
9018,3
9019,3
9020,2
9021,9
9022,0
9023,4
9024,9
9025,6
9026,4
9027,4
9028,7
9029,9
9030,1
9031,1
9032,7
9033,4
9034,4
9035,1
9036,3
9037,3
9038,1
9039,9
9040,8
9041,1
9042,1
9043,3
9044,9
9045,0
9046,0
9047,1
9048,8
9049,5
9050,0
9051,0
9052,3
9053,5
9054,8
9055,8
9056,0
9057,3
9058,7
9059,0
9060,6
9061,5
9062,0
9063,0
9064,6
9065,4
9066,3
9067,7
9068,6
9069,9
9070,7
9071,7
9072,9
9073,1
9074,7
9075,6
9076,8
9077,3
9078,2
9079,1
9080,6
9081,5
9082,1
9083,7
9084,7
9085,8
9086,1
9087,8
9088,6
9089,9
9090,8
9091,4
9092,1
9093,1
9094,7
9095,2
9096,6
9097,1
9098,6
9099,6
9100,1
9101,3
9102,3
9103,7
9104,3
9105,6
9106,5
9107,5
9108,2
9109,0
9110,7
9111,5
9112,2
9113,0
9114,9
9115,8
9116,7
9117,8
9118,2
9119,5
9120,4
9121,1
9122,5
9123,4
9124,5
9125,7
9126,0
9127,1
9128,3
9129,4
9130,6
9131,4
9132,0
9133,6
9134,5
9135,8
9136,8
9137,9
9138,1
9139,0
9140,8
9141,6
9142,2
9143,0
9144,9
9145,4
9146,2
9147,0
9148,7
9149,9
9150,0
9151,2
9152,5
9153,9
9154,2
9155,5
9156,6
9157,9
9158,0
9159,8
9160,8
9161,2
9162,4
9163,0
9164,7
9165,4
9166,8
9167,2
9168,5
9169,9
9170,7
9171,4
9172,1
9173,2
9174,3
9175,5
9176,3
9177,7
9178,7
9179,2
9180,6
9181,1
9182,9
9183,2
9184,9
9185,7
9186,7
9187,4
9188,4
9189,2
9190,6
9191,3
9192,4
9193,9
9194,1
9195,4
9196,8
9197,7
9198,2
9199,1
9200,8
9201,0
9202,4
9203,6
9204,8
9205,0
9206,8
9207,4
9208,2
9209,3
9210,4
9211,2
9212,3
9213,4
9214,9
9215,4
9216,3
9217,0
9218,1
9219,1
9220,6
9221,3
9222,6
9223,2
9224,7
9225,0
9226,0
9227,3
9228,0
9229,6
9230,2
9231,4
9232,2
9233,4
9234,2
9235,4
9236,9
9237,7
9238,1
9239,2
9240,0
9241,7
9242,7
9243,1
9244,8
9245,9
9246,9
9247,1
9248,1
9249,1
9250,6
9251,1
9252,1
9253,6
9254,8
9255,9
9256,4
9257,3
9258,8
9259,3
9260,8
9261,3
9262,7
9263,4
9264,5
9265,9
9266,0
9267,0
9268,3
9269,5
9270,6
9271,1
9272,6
9273,5
9274,8
9275,0
9276,0
9277,2
9278,2
9279,3
9280,0
9281,9
9282,3
9283,5
9284,3
9285,5
9286,7
9287,5
9288,1
9289,9
9290,8
9291,8
9292,7
9293,1
9294,1
9295,1
9296,1
9297,8
9298,6
9299,7
9300,4
9301,0
9302,5
9303,6
9304,4
9305,0
9306,7
9307,7
9308,7
9309,1
9310,1
9311,7
9312,9
9313,1
9314,6
9315,8
9316,7
9317,0
9318,8
9319,9
9320,8
9321,1
9322,5
9323,2
9324,6
9325,7
9326,1
9327,7
9328,3
9329,8
9330,4
9331,0
9332,5
9333,2
9334,6
9335,1
9336,8
9337,4
9338,4
9339,9
9340,1
9341,7
9342,5
9343,4
9344,1
9345,4
9346,3
9347,8
9348,8
9349,3
9350,8
9351,1
9352,3
9353,1
9354,8
9355,6
9356,8
9357,5
9358,2
9359,1
9360,6
9361,8
9362,1
9363,3
9364,1
9365,2
9366,9
9367,1
9368,5
9369,3
9370,7
9371,6
9372,2
9373,5
9374,6
9375,4
9376,3
9377,6
9378,4
9379,0
9380,2
9381,8
9382,4
9383,0
9384,7
9385,3
9386,9
9387,9
9388,5
9389,1
9390,4
9391,3
9392,6
9393,6
9394,0
9395,7
9396,7
9397,3
9398,9
9399,4
9400,4
9401,3
9402,4
9403,4
9404,8
9405,6
9406,7
9407,9
9408,4
9409,3
9410,7
9411,6
9412,5
9413,6
9414,6
9415,2
9416,3
9417,1
9418,2
9419,8
9420,5
9421,0
9422,3
9423,3
9424,7
9425,3
9426,6
9427,2
9428,4
9429,0
9430,5
9431,2
9432,4
9433,0
9434,4
9435,1
9436,3
9437,0
9438,2
9439,0
9440,3
9441,2
9442,9
9443,4
9444,8
9445,8
9446,3
9447,3
9448,6
9449,6
9450,3
9451,4
9452,3
9453,1
9454,4
9455,4
9456,0
9457,0
9458,6
9459,4
9460,1
9461,3
9462,3
9463,8
9464,6
9465,9
9466,8
9467,9
9468,3
9469,1
9470,2
9471,3
9472,1
9473,5
9474,8
9475,2
9476,9
9477,9
9478,3
9479,5
9480,1
9481,3
9482,4
9483,4
9484,2
9485,3
9486,9
9487,2
9488,4
9489,3
9490,2
9491,0
9492,4
9493,7
9494,1
9495,0
9496,0
9497,4
9498,5
9499,2
9500,4
9501,5
9502,3
9503,1
9504,0
9505,8
9506,3
9507,8
9508,8
9509,0
9510,4
9511,2
9512,0
9513,9
9514,4
9515,6
9516,9
9517,7
9518,9
9519,7
9520,8
9521,3
9522,9
9523,3
9524,8
9525,8
9526,7
9527,0
9528,0
9529,9
9530,6
9531,3
9532,4
9533,7
9534,2
9535,8
9536,1
9537,3
9538,9
9539,1
9540,0
9541,4
9542,8
9543,4
9544,4
9545,6
9546,3
9547,7
9548,3
9549,4
9550,8
9551,9
9552,5
9553,5
9554,9
9555,2
9556,7
9557,3
9558,8
9559,6
9560,1
9561,5
9562,0
9563,3
9564,2
9565,5
9566,5
9567,4
9568,6
9569,3
9570,8
9571,7
9572,8
9573,8
9574,9
9575,5
9576,6
9577,6
9578,4
9579,6
9580,9
9581,6
9582,2
9583,8
9584,8
9585,9
9586,2
9587,5
9588,9
9589,0
9590,0
9591,1
9592,4
9593,7
9594,2
9595,2
9596,2
9597,6
9598,8
9599,2
9600,0
9601,0
9602,5
9603,3
9604,1
9605,5
9606,4
9607,2
9608,9
9609,6
9610,8
9611,4
9612,3
9613,4
9614,2
9615,2
9616,9
9617,4
9618,7
9619,9
9620,6
9621,5
9622,8
9623,4
9624,5
9625,2
9626,2
9627,9
9628,3
9629,9
9630,9
9631,5
9632,9
9633,4
9634,8
9635,0
9636,8
9637,2
9638,1
9639,9
9640,8
9641,9
9642,6
9643,6
9644,2
9645,6
9646,1
9647,1
9648,8
9649,8
9650,0
9651,8
9652,7
9653,8
9654,0
9655,5
9656,6
9657,0
9658,4
9659,4
9660,7
9661,2
9662,9
9663,7
9664,1
9665,7
9666,7
9667,8
9668,0
9669,3
9670,7
9671,4
9672,0
9673,7
9674,4
9675,4
9676,8
9677,6
9678,1
9679,8
9680,1
9681,1
9682,3
9683,0
9684,2
9685,8
9686,6
9687,6
9688,0
9689,4
9690,3
9691,8
9692,2
9693,0
9694,8
9695,2
9696,7
9697,4
9698,9
9699,7
9700,3
9701,2
9702,2
9703,1
9704,9
9705,3
9706,1
9707,2
9708,3
9709,6
9710,7
9711,8
9712,0
9713,3
9714,2
9715,0
9716,7
9717,1
9718,0
9719,8
9720,8
9721,6
9722,4
9723,3
9724,4
9725,8
9726,0
9727,9
9728,1
9729,8
9730,6
9731,4
9732,7
9733,4
9734,5
9735,3
9736,9
9737,8
9738,7
9739,7
9740,8
9741,6
9742,4
9743,1
9744,8
9745,0
9746,6
9747,7
9748,9
9749,3
9750,6
9751,8
9752,6
9753,7
9754,3
9755,7
9756,6
9757,8
9758,1
9759,9
9760,2
9761,2
9762,6
9763,2
9764,5
9765,0
9766,1
9767,8
9768,1
9769,3
9770,7
9771,3
9772,8
9773,5
9774,1
9775,7
9776,3
9777,7
9778,1
9779,5
9780,7
9781,3
9782,9
9783,9
9784,3
9785,1
9786,1
9787,0
9788,0
9789,5
9790,6
9791,8
9792,9
9793,9
9794,4
9795,8
9796,8
9797,7
9798,0
9799,5
9800,5
9801,2
9802,5
9803,1
9804,4
9805,1
9806,4
9807,8
9808,3
9809,6
9810,1
9811,1
9812,6
9813,4
9814,2
9815,5
9816,5
9817,6
9818,2
9819,5
9820,6
9821,3
9822,3
9823,4
9824,7
9825,2
9826,0
9827,3
9828,1
9829,1
9830,2
9831,0
9832,2
9833,1
9834,7
9835,9
9836,7
9837,6
9838,6
9839,0
9840,6
9841,8
9842,7
9843,4
9844,1
9845,1
9846,8
9847,9
9848,2
9849,2
9850,0
9851,9
9852,3
9853,7
9854,6
9855,0
9856,5
9857,0
9858,4
9859,8
9860,5
9861,0
9862,9
9863,1
9864,1
9865,2
9866,9
9867,5
9868,1
9869,4
9870,7
9871,7
9872,6
9873,9
9874,1
9875,8
9876,6
9877,8
9878,9
9879,4
9880,4
9881,5
9882,4
9883,1
9884,2
9885,0
9886,7
9887,1
9888,0
9889,0
9890,5
9891,0
9892,9
9893,3
9894,1
9895,3
9896,3
9897,5
9898,0
9899,7
9900,6
9901,0
9902,4
9903,7
9904,5
9905,6
9906,7
9907,0
9908,5
9909,6
9910,6
9911,9
9912,5
9913,1
9914,8
9915,2
9916,2
9917,4
9918,1
9919,6
9920,8
9921,4
9922,7
9923,0
9924,9
9925,5
9926,8
9927,3
9928,2
9929,0
9930,1
9931,4
9932,0
9933,9
9934,3
9935,8
9936,3
9937,9
9938,2
9939,4
9940,6
9941,5
9942,7
9943,6
9944,6
9945,6
9946,9
9947,3
9948,2
9949,1
9950,8
9951,9
9952,1
9953,5
9954,3
9955,6
9956,6
9957,7
9958,3
9959,1
9960,3
9961,4
9962,3
9963,2
9964,9
9965,8
9966,2
9967,4
9968,3
9969,9
9970,2
9971,2
9972,3
9973,4
9974,7
9975,8
9976,7
9977,1
9978,4
9979,2
9980,4
9981,1
9982,3
9983,8
9984,6
9985,9
9986,6
9987,3
9988,5
9989,6
9990,1
9991,5
9992,0
9993,5
9994,7
9995,7
9996,4
9997,2
9998,1
9999,2
10000,8
